{"type":"FeatureCollection","features":[{"type":"Feature","properties":{"cat":"sinir","region":"NORTH","name":""},"geometry":{"type":"Polygon","coordinates":[[[29.3651219,40.811679],[29.3654851,40.8116756],[29.3656257,40.8116375],[29.3659146,40.8113133],[29.3660008,40.8111401],[29.3658513,40.8100857],[29.3650108,40.8075159],[29.3654785,40.8074143],[29.36541531,40.80718691],[29.35466378,40.80923141],[29.3525039,40.8098484],[29.353029,40.8106572],[29.3538331,40.8117061],[29.3547119,40.8114336],[29.3548223,40.8114967],[29.3549692,40.8118689],[29.3542039,40.8120123],[29.3542971,40.8128484],[29.3534084,40.8135101],[29.3523795,40.8138414],[29.3518477,40.8139846],[29.3503912,40.8136372],[29.3500402,40.8128964],[29.3499021,40.812439],[29.3517695,40.8120418],[29.3510488,40.8101614],[29.3491712,40.8104593],[29.3476991,40.8106063],[29.3477803,40.8110104],[29.3467601,40.8111713],[29.3465459,40.8114887],[29.3468353,40.8124095],[29.3471558,40.8134102],[29.3479901,40.8161594],[29.3489726,40.8191528],[29.350236,40.8189207],[29.3502982,40.818116],[29.3493051,40.8154883],[29.3534758,40.8148155],[29.3548081,40.8185674],[29.3548947,40.820128],[29.356021,40.8200563],[29.3563565,40.8200349],[29.356618,40.8199819],[29.3576107,40.8197807],[29.3599422,40.8178926],[29.3608495,40.8172066],[29.3618011,40.8164887],[29.3620116,40.8163298],[29.362093,40.8162767],[29.3627621,40.8156848],[29.3630493,40.8153821],[29.3630335,40.8153737],[29.3631928,40.8151685],[29.3633643,40.8147618],[29.363348,40.8147632],[29.36337,40.814488],[29.3633403,40.814278],[29.3633265,40.8140735],[29.3633765,40.8138168],[29.3634564,40.8135839],[29.3635659,40.8134553],[29.3636835,40.8133104],[29.3638972,40.8131283],[29.3642166,40.8128693],[29.3645628,40.8126093],[29.3647634,40.8123445],[29.3648255,40.8121542],[29.3648675,40.8119589],[29.3648788,40.8119574],[29.364928,40.8117837],[29.3650062,40.811729],[29.3651219,40.811679]]]}},{"type":"Feature","properties":{"cat":"sinir","region":"SOUTH","name":""},"geometry":{"type":"Polygon","coordinates":[[[29.35466378,40.80923141],[29.36541528,40.80718687],[29.3653252,40.806911],[29.3651706,40.8068311],[29.3650346,40.8068565],[29.3649764,40.8066876],[29.3648844,40.8064953],[29.3645896,40.8052604],[29.3643851,40.8047843],[29.364259,40.8047047],[29.3622091,40.8040009],[29.3590944,40.8029314],[29.3553506,40.8027653],[29.3549791,40.8027817],[29.3547636,40.8028957],[29.3545591,40.8030505],[29.3534522,40.8054617],[29.3534747,40.8055468],[29.35466378,40.80923141]]]}},{"type":"Feature","properties":{"cat":"sinir","region":"SE","name":""},"geometry":{"type":"Polygon","coordinates":[[[29.36491696,40.8072859],[29.36541529,40.80718691],[29.36532655,40.80689679],[29.36518319,40.80683194],[29.36504325,40.80685242],[29.36488283,40.80648039],[29.36459442,40.805267],[29.36438621,40.80478233],[29.36425822,40.80470041],[29.35909237,40.80293068],[29.35826795,40.80289842],[29.35985337,40.80824512],[29.36491696,40.8072859]]]}},{"type":"Feature","properties":{"cat":"sinir","region":"SW","name":""},"geometry":{"type":"Polygon","coordinates":[[[29.35466378,40.80923141],[29.35985375,40.80824475],[29.35826953,40.80289519],[29.3553506,40.8027653],[29.3549791,40.8027817],[29.3547636,40.8028957],[29.3545591,40.8030505],[29.3534522,40.8054617],[29.3534747,40.8055468],[29.35466378,40.80923141]]]}},{"type":"Feature","properties":{"cat":"sinir","region":"NE","name":""},"geometry":{"type":"Polygon","coordinates":[[[29.3651219,40.811679],[29.3654851,40.8116756],[29.3656257,40.8116375],[29.3659146,40.8113133],[29.3660008,40.8111401],[29.3658513,40.8100857],[29.3650108,40.8075159],[29.3654785,40.8074143],[29.36541531,40.80718691],[29.35771602,40.808651],[29.36060907,40.81738789],[29.3618011,40.8164887],[29.3620116,40.8163298],[29.362093,40.8162767],[29.3627621,40.8156848],[29.3630493,40.8153821],[29.3630335,40.8153737],[29.3631928,40.8151685],[29.3633643,40.8147618],[29.363348,40.8147632],[29.36337,40.814488],[29.3633403,40.814278],[29.3633265,40.8140735],[29.3633765,40.8138168],[29.3634564,40.8135839],[29.3635659,40.8134553],[29.3636835,40.8133104],[29.3638972,40.8131283],[29.3642166,40.8128693],[29.3645628,40.8126093],[29.3647634,40.8123445],[29.3648255,40.8121542],[29.3648675,40.8119589],[29.3648788,40.8119574],[29.364928,40.8117837],[29.3650062,40.811729],[29.3651219,40.811679]]]}},{"type":"Feature","properties":{"cat":"sinir","region":"NW","name":""},"geometry":{"type":"Polygon","coordinates":[[[29.36060906,40.81738788],[29.35771602,40.808651],[29.35466378,40.80923141],[29.3525039,40.8098484],[29.353029,40.8106572],[29.3538331,40.8117061],[29.3547119,40.8114336],[29.3548223,40.8114967],[29.3549692,40.8118689],[29.3542039,40.8120123],[29.3542971,40.8128484],[29.3534084,40.8135101],[29.3523795,40.8138414],[29.3518477,40.8139846],[29.3503912,40.8136372],[29.3500402,40.8128964],[29.3499021,40.812439],[29.3517695,40.8120418],[29.3510488,40.8101614],[29.3491712,40.8104593],[29.3476991,40.8106063],[29.3477803,40.8110104],[29.3467601,40.8111713],[29.3465459,40.8114887],[29.3468353,40.8124095],[29.3471558,40.8134102],[29.3479901,40.8161594],[29.3489726,40.8191528],[29.350236,40.8189207],[29.3502982,40.818116],[29.3493051,40.8154883],[29.3534758,40.8148155],[29.3548081,40.8185674],[29.3548947,40.820128],[29.356021,40.8200563],[29.3563565,40.8200349],[29.356618,40.8199819],[29.3576107,40.8197807],[29.3599422,40.8178926],[29.36060906,40.81738788]]]}},{"type":"Feature","properties":{"cat":"bina","region":"SE","name":"Kimya ve Çevre Mühendisliği Bölümü"},"geometry":{"type":"Polygon","coordinates":[[[29.36273805,40.80533727],[29.36206201,40.80545725],[29.3621604,40.8057387],[29.3621398,40.8057424],[29.3622011,40.8059352],[29.3622259,40.8059307],[29.3623306,40.80624966],[29.3629972,40.80612776],[29.3628946,40.805817],[29.3629064,40.8058149],[29.3628743,40.8057144],[29.3628413,40.8056109],[29.3628273,40.8056134],[29.36273805,40.80533727]],[[29.3623165,40.8057183],[29.3626562,40.8056544],[29.3626587,40.8056621],[29.3626495,40.8056638],[29.3627009,40.8058223],[29.3627103,40.8058205],[29.3627158,40.8058372],[29.3623764,40.805901],[29.3623706,40.8058848],[29.3623197,40.805726],[29.3623165,40.8057183]]]}},{"type":"Feature","properties":{"cat":"bina","region":"SE","name":"Temel Bilimler Fakültesi"},"geometry":{"type":"Polygon","coordinates":[[[29.35950737,40.80578418],[29.36006876,40.80568321],[29.35991516,40.80522579],[29.3596317,40.8052764],[29.35934742,40.80532059],[29.35950737,40.80578418]]]}},{"type":"Feature","properties":{"cat":"bina","region":"SE","name":"Harita ve Endüstri Mühendisliği Bölümü"},"geometry":{"type":"Polygon","coordinates":[[[29.3619523,40.8070365],[29.3622447,40.8069832],[29.3620858,40.8064744],[29.3617927,40.8065253],[29.3619523,40.8070365]]]}},{"type":"Feature","properties":{"cat":"bina","region":"SE","name":"Biyomühendislik Bölümü"},"geometry":{"type":"Polygon","coordinates":[[[29.362576,40.8070664],[29.363257,40.806938],[29.3632228,40.8068341],[29.3631844,40.8067173],[29.3625034,40.8068457],[29.362576,40.8070664]]]}},{"type":"Feature","properties":{"cat":"bina","region":"SE","name":"Yer ve Deniz Bilimleri Enstitüsü"},"geometry":{"type":"Polygon","coordinates":[[[29.3619374,40.8050487],[29.36205,40.8050279],[29.3620074,40.8048956],[29.3620483,40.8048881],[29.3620405,40.8048638],[29.3622603,40.8048232],[29.362244,40.8047725],[29.362228,40.8047227],[29.3620134,40.8047623],[29.3620057,40.8047386],[29.3619619,40.8047467],[29.3619277,40.8046405],[29.3619189,40.8046132],[29.3618012,40.804635],[29.3618451,40.8047713],[29.361809,40.804778],[29.3618531,40.8049148],[29.3618919,40.8049077],[29.3619374,40.8050487]]]}},{"type":"Feature","properties":{"cat":"bina","region":"SE","name":"Merkezi Araştırma Laboratuvarı"},"geometry":{"type":"Polygon","coordinates":[[[29.35962785,40.80520959],[29.36017351,40.80510307],[29.36010518,40.80486893],[29.35955783,40.80496578],[29.35962785,40.80520959]]]}},{"type":"Feature","properties":{"cat":"bina","region":"SE","name":"SUMER"},"geometry":{"type":"Polygon","coordinates":[[[29.36084317,40.80628605],[29.36110011,40.80624633],[29.3610284,40.8059997],[29.3607731,40.8060488],[29.36084317,40.80628605]]]}},{"type":"Feature","properties":{"cat":"bina","region":"SE","name":""},"geometry":{"type":"Polygon","coordinates":[[[29.3614381,40.8041862],[29.3615726,40.8042289],[29.3618346,40.8041832],[29.3618027,40.8040785],[29.3616218,40.80411],[29.361699,40.803971],[29.3615787,40.8039327],[29.3614381,40.8041862]]]}},{"type":"Feature","properties":{"cat":"bina","region":"SE","name":"Sera"},"geometry":{"type":"Polygon","coordinates":[[[29.36268813,40.8064142],[29.36274416,40.80657072],[29.36311647,40.80649585],[29.36306698,40.80634587],[29.36268813,40.8064142]]]}},{"type":"Feature","properties":{"cat":"bina","region":"SE","name":"KYK Nilüfer Hatun Kız Yurdu"},"geometry":{"type":"Polygon","coordinates":[[[29.3639824,40.8067734],[29.3647738,40.8066605],[29.3645968,40.8059495],[29.36435,40.8059847],[29.364482,40.8065151],[29.3639374,40.8065927],[29.3639824,40.8067734]]]}},{"type":"Feature","properties":{"cat":"bina","region":"SE","name":"KYK Nilüfer Hatun Kız Yurdu"},"geometry":{"type":"Polygon","coordinates":[[[29.364294,40.8057469],[29.3645341,40.8057139],[29.3643665,40.8050144],[29.3635646,40.8051246],[29.3636071,40.805302],[29.364169,40.8052249],[29.364294,40.8057469]]]}},{"type":"Feature","properties":{"cat":"bina","region":"SE","name":"KYK Nilüfer Hatun Kız Yurdu"},"geometry":{"type":"Polygon","coordinates":[[[29.36384826,40.80639417],[29.36419611,40.8063485],[29.36395858,40.80545703],[29.36361062,40.8055027],[29.36384826,40.80639417]]]}},{"type":"Feature","properties":{"cat":"bina","region":"SE","name":"BİM"},"geometry":{"type":"Polygon","coordinates":[[[29.359404,40.8059923],[29.3594919,40.80629357],[29.35974515,40.80625007],[29.3596573,40.8059488],[29.359404,40.8059923]]]}},{"type":"Feature","properties":{"cat":"bina","region":"SE","name":"Güzide Kafe"},"geometry":{"type":"Polygon","coordinates":[[[29.3594919,40.80629357],[29.3595798,40.80659484],[29.359833,40.80655134],[29.35974515,40.80625007],[29.3594919,40.80629357]]]}},{"type":"Feature","properties":{"cat":"bina","region":"SE","name":"Kuzey-Girişi"},"geometry":{"type":"Polygon","coordinates":[[[29.36355319,40.8075421],[29.36372503,40.80750894],[29.36368584,40.80736323],[29.36393229,40.80732178],[29.36353134,40.80708965],[29.36341452,40.80711402],[29.36355319,40.8075421]]]}},{"type":"Feature","properties":{"cat":"bina","region":"SE","name":"TeknoPark"},"geometry":{"type":"Polygon","coordinates":[[[29.35995882,40.80393726],[29.36032634,40.80386667],[29.36017823,40.80350958],[29.3598162,40.80357602],[29.35995882,40.80393726]]]}},{"type":"Feature","properties":{"cat":"bina","region":"SE","name":"Kapalı Yüzme Salonu"},"geometry":{"type":"Polygon","coordinates":[[[29.35898242,40.80416217],[29.35949987,40.80405144],[29.35942948,40.80385145],[29.35949713,40.80383692],[29.35942125,40.80364384],[29.35878128,40.80377879],[29.35884711,40.8039428],[29.35889465,40.80393242],[29.35898242,40.80416217]]]}},{"type":"Feature","properties":{"cat":"otopark","region":"SE","name":""},"geometry":{"type":"Polygon","coordinates":[[[29.36225468,40.8053184],[29.36269583,40.80524002],[29.36268276,40.80519379],[29.3629561,40.80514656],[29.36288274,40.80491342],[29.36273904,40.80482499],[29.3625672,40.80485765],[29.36255313,40.8048049],[29.36213108,40.8048873],[29.36225468,40.8053184]]]}},{"type":"Feature","properties":{"cat":"otopark","region":"SE","name":""},"geometry":{"type":"Polygon","coordinates":[[[29.35924954,40.80527117],[29.3595706,40.8052154],[29.35952237,40.80502798],[29.35920432,40.80508727],[29.35924954,40.80527117]]]}},{"type":"Feature","properties":{"cat":"otopark","region":"SE","name":""},"geometry":{"type":"Polygon","coordinates":[[[29.36183262,40.80760755],[29.36337614,40.80732216],[29.36333997,40.80716539],[29.36179645,40.80746887],[29.36183262,40.80760755]]]}},{"type":"Feature","properties":{"cat":"otopark","region":"SE","name":""},"geometry":{"type":"Polygon","coordinates":[[[29.36000478,40.80408125],[29.3603585,40.80401693],[29.3603163,40.80387826],[29.35995655,40.80395463],[29.36000478,40.80408125]]]}},{"type":"Feature","properties":{"cat":"otopark","region":"SE","name":""},"geometry":{"type":"Polygon","coordinates":[[[29.35887126,40.80369738],[29.35927925,40.80361497],[29.35924106,40.80350645],[29.35883709,40.80358483],[29.35887126,40.80369738]]]}},{"type":"Feature","properties":{"cat":"otopark","region":"SE","name":""},"geometry":{"type":"Polygon","coordinates":[[[29.36400535,40.80729644],[29.36521499,40.80708014],[29.36516073,40.80688267],[29.3650522,40.80689473],[29.36504014,40.80685705],[29.36386818,40.80707184],[29.36382748,40.80713214],[29.36384708,40.80720751],[29.36400535,40.80729644]]]}},{"type":"Feature","properties":{"cat":"yesil","region":"SE","name":""},"geometry":{"type":"Polygon","coordinates":[[[29.35977122,40.80784229],[29.35987824,40.80822063],[29.36353807,40.80753479],[29.36340166,40.80711575],[29.36334099,40.80712743],[29.36340769,40.80733205],[29.36181292,40.8076403],[29.36175036,40.8074353],[29.35977122,40.80784229]]]}},{"type":"Feature","properties":{"cat":"yesil","region":"SE","name":""},"geometry":{"type":"Polygon","coordinates":[[[29.3632814,40.80608183],[29.36304473,40.80527102],[29.36277292,40.80532414],[29.36302113,40.80613007],[29.3632814,40.80608183]]]}},{"type":"Feature","properties":{"cat":"yesil","region":"SE","name":""},"geometry":{"type":"Polygon","coordinates":[[[29.36218405,40.80629952],[29.36228957,40.80628018],[29.36203483,40.80544536],[29.36192868,40.80546533],[29.36218405,40.80629952]]]}},{"type":"Feature","properties":{"cat":"yesil","region":"SE","name":""},"geometry":{"type":"Polygon","coordinates":[[[29.36201071,40.80726409],[29.3625845,40.80715858],[29.36248502,40.806834],[29.36223983,40.80688173],[29.36227173,40.8069885],[29.36194609,40.80705608],[29.36201071,40.80726409]]]}},{"type":"Feature","properties":{"cat":"yesil","region":"SE","name":""},"geometry":{"type":"Polygon","coordinates":[[[29.36232135,40.80665337],[29.36272732,40.80657197],[29.36266741,40.80640541],[29.36308306,40.80633281],[29.36313431,40.80649259],[29.36339382,40.80644159],[29.36330715,40.806168],[29.3622304,40.80637552],[29.36232135,40.80665337]]]}},{"type":"Feature","properties":{"cat":"yesil","region":"SE","name":""},"geometry":{"type":"Polygon","coordinates":[[[29.36260435,40.80715908],[29.36337297,40.80702041],[29.36342975,40.80698272],[29.36343578,40.80697745],[29.36345286,40.80696313],[29.3634707,40.80694579],[29.36347823,40.80693499],[29.36349883,40.80690635],[29.36350474,40.80688324],[29.36350863,40.80684154],[29.36350045,40.80680269],[29.36340362,40.80646696],[29.3623324,40.80668251],[29.36238013,40.8068443],[29.36319309,40.80668854],[29.36327449,40.80695082],[29.36257998,40.80707919],[29.36260435,40.80715908]]]}},{"type":"Feature","properties":{"cat":"yesil","region":"SE","name":""},"geometry":{"type":"Polygon","coordinates":[[[29.36082848,40.80652867],[29.36208879,40.80630783],[29.36183551,40.80548295],[29.36061431,40.80570729],[29.36070184,40.80603497],[29.36106246,40.80597984],[29.36113884,40.80624915],[29.36092982,40.80628357],[29.36077406,40.80630969],[29.36082848,40.80652867]]]}},{"type":"Feature","properties":{"cat":"yesil","region":"SE","name":""},"geometry":{"type":"Polygon","coordinates":[[[29.35988664,40.80669448],[29.36072382,40.80654434],[29.36050312,40.80572887],[29.35964996,40.80588412],[29.35988664,40.80669448]]]}},{"type":"Feature","properties":{"cat":"yesil","region":"SE","name":""},"geometry":{"type":"Polygon","coordinates":[[[29.36199174,40.80726585],[29.36175107,40.80645741],[29.3598066,40.80679757],[29.3613476,40.80738795],[29.36199174,40.80726585]]]}},{"type":"Feature","properties":{"cat":"yesil","region":"SE","name":""},"geometry":{"type":"Polygon","coordinates":[[[29.36117275,40.80742061],[29.35965385,40.80682772],[29.35960009,40.80683726],[29.35984713,40.80760446],[29.35994703,40.80765173],[29.36117275,40.80742061]]]}},{"type":"Feature","properties":{"cat":"yesil","region":"SE","name":""},"geometry":{"type":"Polygon","coordinates":[[[29.36012352,40.80572258],[29.36180499,40.80541524],[29.36161754,40.80482773],[29.35995302,40.80516135],[29.36012352,40.80572258]]]}},{"type":"Feature","properties":{"cat":"yesil","region":"SE","name":""},"geometry":{"type":"Polygon","coordinates":[[[29.3590734,40.80503926],[29.36012352,40.80484431],[29.36019687,40.80509352],[29.36161151,40.80481466],[29.36148009,40.80439728],[29.36057719,40.80412144],[29.3588885,40.80444637],[29.3590734,40.80503926]]]}},{"type":"Feature","properties":{"cat":"yesil","region":"SE","name":""},"geometry":{"type":"Polygon","coordinates":[[[29.36238001,40.80589291],[29.36269605,40.80583564],[29.36264329,40.80566179],[29.36232599,40.80572208],[29.36238001,40.80589291]]]}},{"type":"Feature","properties":{"cat":"yesil","region":"SE","name":""},"geometry":{"type":"Polygon","coordinates":[[[29.36364241,40.80679933],[29.36391574,40.80675913],[29.36349971,40.80515834],[29.36320025,40.80520758],[29.36364241,40.80679933]]]}},{"type":"Feature","properties":{"cat":"yesil","region":"SE","name":""},"geometry":{"type":"Polygon","coordinates":[[[29.36190899,40.80539628],[29.36224086,40.80533523],[29.36209729,40.80485998],[29.36204993,40.80486883],[29.36205803,40.80489351],[29.36202048,40.80490023],[29.36206369,40.8050359],[29.36193305,40.80506001],[29.36188733,40.80491606],[29.36184864,40.8049246],[29.3617994,40.80477412],[29.36183557,40.80476734],[29.36179035,40.80462791],[29.36192401,40.80460178],[29.36196747,40.80473895],[29.36200892,40.80473217],[29.36201646,40.80475628],[29.36206343,40.80474724],[29.36200842,40.80456259],[29.36160018,40.80442944],[29.36190899,40.80539628]]]}},{"type":"Feature","properties":{"cat":"yesil","region":"SE","name":""},"geometry":{"type":"Polygon","coordinates":[[[29.35928842,40.80586946],[29.35949342,40.80583529],[29.35931555,40.80528461],[29.35911357,40.8053238],[29.35928842,40.80586946]]]}},{"type":"Feature","properties":{"cat":"yesil","region":"SE","name":""},"geometry":{"type":"Polygon","coordinates":[[[29.36139557,40.8041817],[29.36135638,40.80416889],[29.36132096,40.80422466],[29.36196045,40.80444511],[29.36198909,40.80439951],[29.36184476,40.80434751],[29.36190769,40.80425707],[29.36211005,40.8043445],[29.3623062,40.80404548],[29.36147829,40.80376511],[29.36145832,40.80380204],[29.36219314,40.80405377],[29.36212343,40.80415853],[29.36216413,40.80417436],[29.36213436,40.80421618],[29.36188263,40.80410916],[29.36184193,40.80405414],[29.36180764,40.8040647],[29.36184721,40.80418754],[29.36157626,40.80423955],[29.36139557,40.8041817]]]}},{"type":"Feature","properties":{"cat":"yesil","region":"SE","name":""},"geometry":{"type":"Polygon","coordinates":[[[29.3622361,40.80417398],[29.36327089,40.80451501],[29.36324226,40.80455873],[29.36396126,40.80478445],[29.36400196,40.8048926],[29.36310056,40.80507311],[29.36312996,40.80517862],[29.3644421,40.80499171],[29.36437653,40.8047935],[29.36424087,40.80470758],[29.36231449,40.80404887],[29.3622361,40.80417398]]]}},{"type":"Feature","properties":{"cat":"yesil","region":"SE","name":""},"geometry":{"type":"Polygon","coordinates":[[[29.36357915,40.80702549],[29.3636564,40.80709219],[29.36372423,40.80709408],[29.36500283,40.80683595],[29.36491917,40.80665205],[29.36478389,40.80667165],[29.3636466,40.8068367],[29.36364585,40.8069181],[29.36362135,40.80695465],[29.36357915,40.80702549]]]}},{"type":"Feature","properties":{"cat":"yesil","region":"SE","name":""},"geometry":{"type":"Polygon","coordinates":[[[29.36124691,40.80413856],[29.36043897,40.80387552],[29.36058933,40.80361852],[29.36126085,40.80385593],[29.36113725,40.8040662],[29.36126839,40.80410766],[29.36147188,40.80375871],[29.36013788,40.80331102],[29.36019742,40.80349417],[29.36038584,40.80400666],[29.36060064,40.80398179],[29.36121789,40.80418754],[29.36124691,40.80413856]]]}},{"type":"Feature","properties":{"cat":"yesil","region":"SE","name":""},"geometry":{"type":"Polygon","coordinates":[[[29.35840858,40.80306533],[29.35858833,40.80364528],[29.35880068,40.80361023],[29.35878994,40.80355974],[29.35925609,40.80348135],[29.36014278,40.80337961],[29.36011791,40.80330273],[29.35908312,40.802947],[29.35829026,40.80291535],[29.35832869,40.80307286],[29.35840858,40.80306533]]]}},{"type":"Feature","properties":{"cat":"yesil","region":"SE","name":""},"geometry":{"type":"Polygon","coordinates":[[[29.35898213,40.80369615],[29.3586068,40.8037685],[29.35876356,40.8042599],[29.35884797,40.80429004],[29.35998451,40.80408806],[29.35996341,40.8040338],[29.35983754,40.80406093],[29.35975841,40.80381749],[29.35987749,40.8037979],[29.35980664,40.80356426],[29.36018574,40.80349869],[29.36015258,40.80339242],[29.35926475,40.80349944],[29.35930093,40.80360043],[29.35935746,40.8035929],[29.35936575,40.80363284],[29.35942529,40.8036238],[29.35951121,40.80384086],[29.35944865,40.80385593],[29.35952025,40.80405678],[29.35897534,40.80417511],[29.35889131,40.80394712],[29.35884458,40.80395805],[29.35876846,40.80377114],[29.35899117,40.8037278],[29.35898213,40.80369615]]]}},{"type":"Feature","properties":{"cat":"yol","region":"SE","name":"Giriş-1"},"geometry":{"type":"Polygon","coordinates":[[[29.36355447,40.80690961],[29.36363999,40.80689897],[29.36313013,40.80520371],[29.36304622,40.80521879],[29.36355447,40.80690961]]]}},{"type":"Feature","properties":{"cat":"yol","region":"SE","name":""},"geometry":{"type":"Polygon","coordinates":[[[29.36346526,40.80707181],[29.36344416,40.80702358],[29.35984524,40.80768766],[29.35984524,40.80773682],[29.36346526,40.80707181]]]}},{"type":"Feature","properties":{"cat":"yol","region":"SE","name":""},"geometry":{"type":"Polygon","coordinates":[[[29.36133253,40.80739146],[29.35979605,40.80680109],[29.35966371,40.80682539],[29.36118883,40.80742111],[29.36133253,40.80739146]]]}},{"type":"Feature","properties":{"cat":"yol","region":"SE","name":""},"geometry":{"type":"Polygon","coordinates":[[[29.36210193,40.80630533],[29.36217014,40.80629415],[29.36191751,40.80546634],[29.36184883,40.80547843],[29.36210193,40.80630533]]]}},{"type":"Feature","properties":{"cat":"yol","region":"SE","name":""},"geometry":{"type":"Polygon","coordinates":[[[29.36302377,40.80520004],[29.35927174,40.80589065],[29.35928682,40.80594291],[29.36304085,40.80525631],[29.36302377,40.80520004]]]}},{"type":"Feature","properties":{"cat":"yol","region":"SE","name":""},"geometry":{"type":"Polygon","coordinates":[[[29.36190007,40.80539883],[29.36158259,40.80442542],[29.36150198,40.80440165],[29.3618243,40.80541207],[29.36190007,40.80539883]]]}},{"type":"Feature","properties":{"cat":"yol","region":"SE","name":""},"geometry":{"type":"Polygon","coordinates":[[[29.3595977,40.80682948],[29.36330552,40.80616009],[29.36328994,40.80610231],[29.35958339,40.80676755],[29.3595977,40.80682948]]]}},{"type":"Feature","properties":{"cat":"yol","region":"SE","name":""},"geometry":{"type":"Polygon","coordinates":[[[29.36230726,40.80686699],[29.36236399,40.80685564],[29.36221483,40.80636672],[29.36215152,40.80637752],[29.36230726,40.80686699]]]}},{"type":"Feature","properties":{"cat":"yol","region":"SE","name":""},"geometry":{"type":"Polygon","coordinates":[[[29.36339508,40.80644737],[29.36232486,40.80665915],[29.36233127,40.80667962],[29.3634001,40.80646319],[29.36339508,40.80644737]]]}},{"type":"Feature","properties":{"cat":"yol","region":"SE","name":""},"geometry":{"type":"Polygon","coordinates":[[[29.36073777,40.80654553],[29.36081627,40.80652952],[29.36060577,40.80570779],[29.36051985,40.80572437],[29.36073777,40.80654553]]]}},{"type":"Feature","properties":{"cat":"yol","region":"SE","name":""},"geometry":{"type":"Polygon","coordinates":[[[29.3588548,40.80442567],[29.3605777,40.80409381],[29.36223603,40.80461861],[29.36292061,40.80485652],[29.36304019,40.80519618],[29.3631236,40.80518412],[29.36299799,40.80480125],[29.36058473,40.80399935],[29.35882441,40.80431413],[29.3588548,40.80442567]]]}},{"type":"Feature","properties":{"cat":"yol","region":"SE","name":""},"geometry":{"type":"Polygon","coordinates":[[[29.3640059,40.80730193],[29.3635547,40.80702358],[29.36351651,40.80706277],[29.36397274,40.80733108],[29.3640059,40.80730193]]]}},{"type":"Feature","properties":{"cat":"yol","region":"SE","name":""},"geometry":{"type":"Polygon","coordinates":[[[29.36123176,40.8042164],[29.36128502,40.80422997],[29.36149303,40.8038868],[29.36205979,40.80408175],[29.36208793,40.80404356],[29.36145886,40.80382851],[29.36123176,40.8042164]]]}},{"type":"Feature","properties":{"cat":"yol","region":"SE","name":""},"geometry":{"type":"Polygon","coordinates":[[[29.35898024,40.80414722],[29.35949613,40.80405151],[29.35942227,40.80384236],[29.35948596,40.80382691],[29.35941963,40.8036498],[29.35878429,40.80377868],[29.35885061,40.80394976],[29.3588996,40.80393846],[29.35898024,40.80414722]]]}},{"type":"Feature","properties":{"cat":"orman","region":"SE","name":""},"geometry":{"type":"Polygon","coordinates":[[[29.36205544,40.80445771],[29.36306659,40.80479403],[29.3630995,40.80498226],[29.36316898,40.80503762],[29.36396619,40.80487984],[29.36393694,40.8047968],[29.36323481,40.80457812],[29.36316898,40.80469438],[29.36229314,40.80440373],[29.36238274,40.80426117],[29.36220903,40.80421273],[29.36205544,40.80445771]]]}},{"type":"Feature","properties":{"cat":"bina","region":"GB","name":"Hangar Binası"},"geometry":{"type":"Polygon","coordinates":[[[29.35579394,40.80475062],[29.35599903,40.80472404],[29.35581672,40.80418091],[29.35563062,40.80421509],[29.35579394,40.80475062]]]}},{"type":"Feature","properties":{"cat":"bina","region":"GB","name":"Kapalı Spor Salonu"},"geometry":{"type":"Polygon","coordinates":[[[29.35770491,40.8043412],[29.35838803,40.80421699],[29.35827789,40.80388656],[29.35819866,40.80390252],[29.35819201,40.80391297],[29.35813356,40.80392644],[29.35812786,40.80391694],[29.35804692,40.80393047],[29.35804721,40.8039405],[29.35797885,40.80395379],[29.35797624,40.80394264],[29.35790407,40.80395783],[29.35790787,40.80396543],[29.35783594,40.80398133],[29.35783191,40.80395783],[29.35774835,40.80398442],[29.35773838,40.80399866],[29.35769423,40.80400578],[29.35768758,40.80398442],[29.35758883,40.804011],[29.35770491,40.8043412]]]}},{"type":"Feature","properties":{"cat":"bina","region":"GB","name":"Bina 1"},"geometry":{"type":"Polygon","coordinates":[[[29.35722588,40.80489382],[29.35735786,40.80486249],[29.35729139,40.80469157],[29.35716416,40.80472196],[29.35722588,40.80489382]]]}},{"type":"Feature","properties":{"cat":"bina","region":"GB","name":"Bina 2"},"geometry":{"type":"Polygon","coordinates":[[[29.35396616,40.80600002],[29.35486536,40.80870046],[29.35494512,40.80867767],[29.35405257,40.80598862],[29.35396616,40.80600002]]]}},{"type":"Feature","properties":{"cat":"bina","region":"GB","name":"Küçük Binalar"},"geometry":{"type":"Polygon","coordinates":[[[29.35399275,40.80613295],[29.35388071,40.80615574],[29.35461184,40.80833964],[29.35472198,40.80830926],[29.35399275,40.80613295]]]}},{"type":"Feature","properties":{"cat":"bina","region":"GB","name":"Bina 3"},"geometry":{"type":"Polygon","coordinates":[[[29.35530879,40.80859791],[29.35559365,40.80855423],[29.35556706,40.80844978],[29.35527081,40.80850676],[29.35530879,40.80859791]]]}},{"type":"Feature","properties":{"cat":"bina","region":"GB","name":"Bina 4"},"geometry":{"type":"Polygon","coordinates":[[[29.35499735,40.80879446],[29.35514927,40.80876977],[29.35513408,40.80869381],[29.35498405,40.8087147],[29.35499735,40.80879446]]]}},{"type":"Feature","properties":{"cat":"bina","region":"GB","name":"Bina 5"},"geometry":{"type":"Polygon","coordinates":[[[29.35479795,40.80875173],[29.35485017,40.80893024],[29.35498215,40.80890176],[29.35492138,40.8087261],[29.35479795,40.80875173]]]}},{"type":"Feature","properties":{"cat":"bina","region":"GB","name":"Merkez Amfi"},"geometry":{"type":"Polygon","coordinates":[[[29.35905032,40.80771085],[29.35955167,40.80762729],[29.35937696,40.80693604],[29.3590883,40.80697402],[29.35911489,40.80708416],[29.35886802,40.80711455],[29.3589022,40.80723609],[29.35935037,40.80716772],[29.35937316,40.80722469],[29.35892119,40.80729686],[29.35895537,40.80738041],[29.35939595,40.80731964],[29.35942633,40.80738041],[29.35895537,40.80744118],[29.35898955,40.80755133],[29.35943393,40.80747916],[29.35945672,40.80753993],[29.35901234,40.80759311],[29.35905032,40.80771085]]]}},{"type":"Feature","properties":{"cat":"bina","region":"GB","name":"Kütüphane"},"geometry":{"type":"Polygon","coordinates":[[[29.35842174,40.80676892],[29.35880915,40.80669296],[29.35880535,40.80672334],[29.35912059,40.80665498],[29.35903703,40.8064157],[29.35900665,40.80642709],[29.3589079,40.80616882],[29.35868001,40.80620301],[29.35877876,40.80648406],[29.35873318,40.80648786],[29.35874838,40.80652584],[29.35836857,40.80660181],[29.35842174,40.80676892]]]}},{"type":"Feature","properties":{"cat":"bina","region":"GB","name":"Kimya Mühendisliği"},"geometry":{"type":"Polygon","coordinates":[[[29.35867621,40.8059248],[29.35880915,40.80590391],[29.35878826,40.80584029],[29.35885947,40.80582794],[29.35882624,40.80574344],[29.35888226,40.8057197],[29.35887086,40.80567412],[29.3589962,40.80564754],[29.35895822,40.80554499],[29.35882624,40.80557822],[29.3588063,40.80552979],[29.35876072,40.80552979],[29.35873318,40.80545573],[29.35852524,40.80549181],[29.35867621,40.8059248]]]}},{"type":"Feature","properties":{"cat":"bina","region":"GB","name":"Havacılık ve Uzay Bilimleri Mühendisliği"},"geometry":{"type":"Polygon","coordinates":[[[29.35761939,40.80617927],[29.3579954,40.8061109],[29.35769536,40.8051272],[29.35730415,40.80518797],[29.35735353,40.80533229],[29.35761939,40.80617927]]]}},{"type":"Feature","properties":{"cat":"bina","region":"GB","name":"İnşaat Mühendisliği Laboratuvaru"},"geometry":{"type":"Polygon","coordinates":[[[29.3571997,40.80587352],[29.35736777,40.80584029],[29.35728136,40.80561335],[29.35711994,40.80564754],[29.3571997,40.80587352]]]}},{"type":"Feature","properties":{"cat":"bina","region":"GB","name":"Havacılık ve Uzay Bilimleri Fakültesi"},"geometry":{"type":"Polygon","coordinates":[[[29.3567202,40.80627564],[29.35721869,40.80618497],[29.35717312,40.80602734],[29.35666607,40.8061185],[29.3567202,40.80627564]]]}},{"type":"Feature","properties":{"cat":"bina","region":"GB","name":"Elektronik Mühendisliği ,İnşaat Mühendsiliği"},"geometry":{"type":"Polygon","coordinates":[[[29.35554564,40.80705473],[29.35610206,40.80692749],[29.35587797,40.80624004],[29.35531205,40.80635778],[29.35554564,40.80705473]]]}},{"type":"Feature","properties":{"cat":"bina","region":"GB","name":"Bilgisayar Mühendisliği"},"geometry":{"type":"Polygon","coordinates":[[[29.35620081,40.80823261],[29.35619796,40.80824401],[29.35624448,40.80823641],[29.35624069,40.80822312],[29.35647712,40.80817659],[29.35633469,40.80778159],[29.35609446,40.80783381],[29.35608591,40.80782147],[29.35604603,40.80782432],[29.35604319,40.80784236],[29.3558115,40.80788793],[29.35594823,40.80828199],[29.35620081,40.80823261]],[[29.35605351,40.80807799],[29.35604307,40.80804107],[29.35601268,40.80803573],[29.3560058,40.80800805],[29.35608366,40.80799523],[29.35607879,40.80800654],[29.35617469,40.80798707],[29.35617766,40.80797149],[29.35624603,40.8079639],[29.35625078,40.80798858],[29.35623796,40.8079995],[29.35623796,40.80802989],[29.35627214,40.80802609],[29.35627214,40.80805268],[29.35610502,40.80807879],[29.35611452,40.80808733],[29.35603713,40.80810564],[29.35603084,40.80808155],[29.35605351,40.80807799]]]}},{"type":"Feature","properties":{"cat":"bina","region":"GB","name":"Bina 6"},"geometry":{"type":"Polygon","coordinates":[[[29.35615765,40.80469151],[29.35710907,40.8045206],[29.3569524,40.80407337],[29.35692676,40.8040691],[29.35692747,40.8040513],[29.35694884,40.80404845],[29.35677507,40.8034944],[29.35581796,40.80363256],[29.35615765,40.80469151]]]}},{"type":"Feature","properties":{"cat":"bina","region":"GB","name":"Bina 7 Basketbol / Tenis Açık Saha"},"geometry":{"type":"Polygon","coordinates":[[[29.35747582,40.80382056],[29.35768092,40.80378496],[29.35759261,40.8035414],[29.35739037,40.80357559],[29.35747582,40.80382056]]]}},{"type":"Feature","properties":{"cat":"bina","region":"GB","name":"Bina 8 Futbol Sahası Açık"},"geometry":{"type":"Polygon","coordinates":[[[29.35781907,40.80375647],[29.35811533,40.80369665],[29.3579615,40.80325797],[29.35767095,40.80332206],[29.35781907,40.80375647]]]}},{"type":"Feature","properties":{"cat":"bina","region":"GB","name":"Bina 9 Kütüphane Açık Alanı"},"geometry":{"type":"Polygon","coordinates":[[[29.35906105,40.80689844],[29.35944846,40.80682438],[29.35935445,40.80649679],[29.35908954,40.80654237],[29.35913226,40.80667697],[29.35899553,40.80669619],[29.35906105,40.80689844]]]}},{"type":"Feature","properties":{"cat":"bina","region":"GB","name":"Elektronik Mühendisliği , İnşaat Mühendisliği Açık Alan"},"geometry":{"type":"Polygon","coordinates":[[[29.35604727,40.80672325],[29.35624809,40.80668907],[29.35614127,40.80635721],[29.35593902,40.80638997],[29.35604727,40.80672325]]]}},{"type":"Feature","properties":{"cat":"bina","region":"GB","name":"Bilgisayar Mühendisliği Ön Bahçe"},"geometry":{"type":"Polygon","coordinates":[[[29.35635776,40.80779432],[29.35647028,40.80813187],[29.35650446,40.8081276],[29.35651585,40.8081803],[29.35657283,40.80816748],[29.35643752,40.80774874],[29.35641758,40.80774874],[29.35643182,40.80778577],[29.35635776,40.80779432]]]}},{"type":"Feature","properties":{"cat":"otopark","region":"GB","name":""},"geometry":{"type":"Polygon","coordinates":[[[29.35764567,40.80454232],[29.35761932,40.8044533],[29.35748757,40.80447502],[29.35748116,40.80447004],[29.35737007,40.80408334],[29.35749505,40.80406305],[29.35746122,40.80396157],[29.35743808,40.80396655],[29.35740568,40.80397296],[29.35743096,40.80397937],[29.35744698,40.80399789],[29.35745944,40.80401854],[29.35744734,40.80403421],[29.35742526,40.80403634],[29.35726966,40.80406162],[29.35741066,40.80450636],[29.35748828,40.8044914],[29.35757766,40.80447502],[29.35759902,40.80447965],[29.35761398,40.80452096],[29.35760828,40.80453733],[29.35759119,40.8045498],[29.35764567,40.80454232]]]}},{"type":"Feature","properties":{"cat":"otopark","region":"GB","name":""},"geometry":{"type":"Polygon","coordinates":[[[29.35749576,40.80446398],[29.35761825,40.80444404],[29.35749861,40.80407088],[29.35738182,40.8040894],[29.35749576,40.80446398]]]}},{"type":"Feature","properties":{"cat":"otopark","region":"GB","name":""},"geometry":{"type":"Polygon","coordinates":[[[29.35765813,40.8045409],[29.35772792,40.80453093],[29.35768092,40.8045238],[29.35766668,40.80449247],[29.35750146,40.8039783],[29.35751855,40.80395124],[29.35747297,40.80396121],[29.35765813,40.8045409]]]}},{"type":"Feature","properties":{"cat":"otopark","region":"GB","name":""},"geometry":{"type":"Polygon","coordinates":[[[29.35820434,40.80655341],[29.35870284,40.80646225],[29.3585832,40.80609764],[29.35854938,40.8061044],[29.35854225,40.80611722],[29.35852659,40.80611687],[29.35852089,40.80610974],[29.35808933,40.80618488],[29.35820434,40.80655341]]]}},{"type":"Feature","properties":{"cat":"otopark","region":"GB","name":""},"geometry":{"type":"Polygon","coordinates":[[[29.35845252,40.80542146],[29.35884135,40.80535594],[29.35881429,40.80526194],[29.35879649,40.80526123],[29.35879364,40.80524841],[29.35880646,40.805242],[29.35876516,40.80510527],[29.35874878,40.80510384],[29.35874806,40.80509316],[29.35876017,40.80508746],[29.35873453,40.80500557],[29.3583457,40.80507322],[29.35845252,40.80542146]]]}},{"type":"Feature","properties":{"cat":"otopark","region":"GB","name":""},"geometry":{"type":"Polygon","coordinates":[[[29.35636355,40.80699316],[29.35637423,40.80699262],[29.35638277,40.80700063],[29.35637049,40.80701399],[29.35637209,40.80701879],[29.35659526,40.80697464],[29.35644785,40.80653026],[29.3562221,40.80657086],[29.35636355,40.80699316]]]}},{"type":"Feature","properties":{"cat":"otopark","region":"GB","name":""},"geometry":{"type":"Polygon","coordinates":[[[29.35551271,40.80718917],[29.35571995,40.80777562],[29.35573704,40.80777883],[29.35573811,40.80778844],[29.35572636,40.80779378],[29.35572849,40.80780473],[29.35618302,40.80771393],[29.35596937,40.8070901],[29.35551271,40.80718917]]]}},{"type":"Feature","properties":{"cat":"orman","region":"GB","name":""},"geometry":{"type":"Polygon","coordinates":[[[29.35466535,40.80921896],[29.35773469,40.80864283],[29.35760792,40.80822338],[29.35732164,40.80827181],[29.35639016,40.80845127],[29.35586887,40.80853957],[29.35577416,40.8087963],[29.35574639,40.80882585],[29.35530058,40.80894265],[29.35486903,40.80906335],[29.35465396,40.8091221],[29.35466535,40.80921896]]]}},{"type":"Feature","properties":{"cat":"orman","region":"GB","name":""},"geometry":{"type":"Polygon","coordinates":[[[29.35533156,40.80519215],[29.35649556,40.80557955],[29.3568032,40.80550549],[29.35678611,40.80534597],[29.35726467,40.805289],[29.35723049,40.80518645],[29.35751535,40.80515797],[29.35770335,40.80511809],[29.35884278,40.80496996],[29.35869893,40.80447289],[29.35859353,40.80444867],[29.35738146,40.80467371],[29.35750822,40.80507678],[29.35749398,40.8050953],[29.3574598,40.80509174],[29.35734301,40.80468012],[29.35560111,40.80499595],[29.35534616,40.80508426],[29.35533156,40.80519215]]]}},{"type":"Feature","properties":{"cat":"orman","region":"GB","name":""},"geometry":{"type":"Polygon","coordinates":[[[29.35387167,40.80482468],[29.35421635,40.80486741],[29.35442714,40.80482184],[29.3547063,40.80439028],[29.35500825,40.80429343],[29.35523471,40.80446149],[29.35541132,40.804245],[29.35530877,40.80374935],[29.3556093,40.80370235],[29.35562924,40.80338331],[29.35620679,40.80337191],[29.35626945,40.8032537],[29.35598317,40.80282214],[29.35502321,40.80282926],[29.35468707,40.80300018],[29.35387167,40.80482468]]]}},{"type":"Feature","properties":{"cat":"yol","region":"GB","name":"elektronik yolu"},"geometry":{"type":"Polygon","coordinates":[[[29.35929579,40.80594749],[29.35928848,40.80588659],[29.35805609,40.8061025],[29.35762091,40.80619385],[29.35671033,40.80635716],[29.35616911,40.80645127],[29.35618374,40.8065177],[29.35754777,40.80626305],[29.35850589,40.80607759],[29.35850955,40.80611911],[29.35855709,40.8061108],[29.35853149,40.80606652],[29.35929579,40.80594749]]]}},{"type":"Feature","properties":{"cat":"yol","region":"GB","name":"anayol (kapalı spor salonu arkası)"},"geometry":{"type":"Polygon","coordinates":[[[29.35882404,40.80430603],[29.35522562,40.8049759],[29.35490381,40.80559041],[29.35502814,40.80561809],[29.3552695,40.80518628],[29.35537555,40.80505618],[29.35862291,40.80444443],[29.3588789,40.80441952],[29.35882404,40.80430603]]]}},{"type":"Feature","properties":{"cat":"yol","region":"GB","name":"açık sahalar yolları"},"geometry":{"type":"Polygon","coordinates":[[[29.35731556,40.8045856],[29.35739053,40.80457592],[29.3570102,40.80344376],[29.35702483,40.80339116],[29.3583011,40.80316971],[29.35848395,40.80376763],[29.35857537,40.80374825],[29.35888256,40.80368735],[29.35887158,40.80365137],[29.35857537,40.80370673],[29.35841081,40.80315864],[29.35827185,40.80308667],[29.3570102,40.80329704],[29.35693706,40.80338009],[29.35713637,40.80400292],[29.35693706,40.80403475],[29.35694804,40.80407627],[29.35714551,40.80404029],[29.35731556,40.8045856]]]}},{"type":"Feature","properties":{"cat":"yol","region":"GB","name":"kapalı spor salonu ön sokak"},"geometry":{"type":"Polygon","coordinates":[[[29.35720585,40.80402783],[29.35850041,40.80379808],[29.35847115,40.80372472],[29.35718574,40.80395724],[29.35720585,40.80402783]]]}},{"type":"Feature","properties":{"cat":"yol","region":"GB","name":"havuz ön yol"},"geometry":{"type":"Polygon","coordinates":[[[29.35866862,40.80433924],[29.3588021,40.80431225],[29.35861011,40.80376832],[29.35912574,40.80366797],[29.35913946,40.80370465],[29.35921534,40.80368943],[29.35919339,40.8036396],[29.35848578,40.80376486],[29.35866862,40.80433924]]]}},{"type":"Feature","properties":{"cat":"yol","region":"GB","name":"havuz kestirme"},"geometry":{"type":"Polygon","coordinates":[[[29.35921351,40.80369081],[29.35942064,40.80364276],[29.35949743,40.80368705],[29.35963274,40.80382822],[29.35981193,40.80413272],[29.35985947,40.80412718],[29.35964868,40.80372887],[29.35944572,40.80362161],[29.35920437,40.80365898],[29.35921351,40.80369081]]]}},{"type":"Feature","properties":{"cat":"yol","region":"GB","name":"arka çıkış"},"geometry":{"type":"Polygon","coordinates":[[[29.35352566,40.8055998],[29.35467759,40.80559426],[29.35497746,40.80566346],[29.35503232,40.80561364],[29.35490067,40.80558873],[29.35473976,40.80554167],[29.35346349,40.80550569],[29.35352566,40.8055998]]]}},{"type":"Feature","properties":{"cat":"yol","region":"GB","name":"uçak kestirme 1"},"geometry":{"type":"Polygon","coordinates":[[[29.35501037,40.80563855],[29.35581124,40.80577142],[29.35605991,40.80571606],[29.3567657,40.8059458],[29.35733619,40.80604269],[29.35755194,40.806206],[29.35765068,40.80618939],[29.35759583,40.80616725],[29.35748978,40.80601224],[29.3573819,40.8060067],[29.35677485,40.80588768],[29.35629213,40.80574927],[29.35613488,40.80567592],[29.35594655,40.805669],[29.35576736,40.8057119],[29.35504694,40.80558319],[29.35501037,40.80563855]]]}},{"type":"Feature","properties":{"cat":"yol","region":"GB","name":"inşaat kestirme1"},"geometry":{"type":"Polygon","coordinates":[[[29.35625008,40.80572782],[29.35633647,40.80576242],[29.35680456,40.80573613],[29.35695632,40.80580809],[29.35738053,40.80600462],[29.35748841,40.80601154],[29.35722876,40.80589529],[29.35692158,40.80570014],[29.35677119,40.805669],[29.35625008,40.80572782]]]}},{"type":"Feature","properties":{"cat":"yol","region":"GB","name":"anayol bilgisayar arkası"},"geometry":{"type":"Polygon","coordinates":[[[29.35492855,40.80565724],[29.3548225,40.80593127],[29.35571479,40.80853871],[29.35593786,40.80853041],[29.35576599,40.80839755],[29.35557217,40.80782458],[29.3557477,40.80779967],[29.35572576,40.80775538],[29.35553926,40.80778306],[29.35535641,40.80720456],[29.35498706,40.80606967],[29.35495049,40.80588145],[29.35504191,40.80567384],[29.35492855,40.80565724]]]}},{"type":"Feature","properties":{"cat":"yol","region":"GB","name":"elektronik ve bilgisayar otopark yolu"},"geometry":{"type":"Polygon","coordinates":[[[29.35536373,40.8072184],[29.35639864,40.80701356],[29.35636755,40.80697758],[29.35534544,40.80717688],[29.35536373,40.8072184]]]}},{"type":"Feature","properties":{"cat":"yol","region":"GB","name":"elektronik ön yol"},"geometry":{"type":"Polygon","coordinates":[[[29.35616825,40.80644751],[29.35595615,40.80648211],[29.35613717,40.8070274],[29.35622859,40.80700111],[29.35611523,40.80670909],[29.35605123,40.8065264],[29.35618836,40.80651532],[29.35616825,40.80644751]]]}},{"type":"Feature","properties":{"cat":"yol","region":"GB","name":"bilgisayar ön yol"},"geometry":{"type":"Polygon","coordinates":[[[29.35616459,40.80706477],[29.3563895,40.80770417],[29.35659977,40.80833804],[29.35672411,40.80831036],[29.35647543,40.80774293],[29.35623042,40.80705093],[29.35616459,40.80706477]]]}},{"type":"Feature","properties":{"cat":"yol","region":"GB","name":"bilgisayar kestirmeler"},"geometry":{"type":"Polygon","coordinates":[[[29.35663634,40.80811383],[29.35698741,40.808255],[29.35709528,40.80823009],[29.35704043,40.80820379],[29.35673325,40.808082],[29.35671313,40.80802941],[29.35750669,40.80809584],[29.3575908,40.80813874],[29.35769685,40.80811937],[29.35750303,40.80806401],[29.35671496,40.80800311],[29.3566016,40.80801003],[29.35659246,40.80801142],[29.35663634,40.80811383]]]}},{"type":"Feature","properties":{"cat":"yol","region":"GB","name":"elektronik kestirme"},"geometry":{"type":"Polygon","coordinates":[[[29.3563767,40.8070274],[29.35741161,40.80806539],[29.35754326,40.80806539],[29.35645349,40.80700803],[29.3563767,40.8070274]]]}},{"type":"Feature","properties":{"cat":"yol","region":"GB","name":"kütüphane ara yol"},"geometry":{"type":"Polygon","coordinates":[[[29.35636207,40.80742184],[29.35949058,40.8068461],[29.35948326,40.80681565],[29.35758531,40.80714504],[29.35635293,40.80737202],[29.35636207,40.80742184]]]}},{"type":"Feature","properties":{"cat":"yol","region":"GB","name":"Mbg yol ,otopark girişleri"},"geometry":{"type":"Polygon","coordinates":[[[29.35866777,40.80444067],[29.35889815,40.80505795],[29.35874822,40.80507733],[29.35877016,40.80512438],[29.35893472,40.80509394],[29.35895301,40.8052185],[29.3587921,40.80524064],[29.35882502,40.80528216],[29.35897129,40.80523788],[29.35915414,40.80590774],[29.35927848,40.8058856],[29.35907003,40.80522127],[29.35924556,40.80520743],[29.35923459,40.80515207],[29.35904443,40.80517421],[29.3587921,40.80443236],[29.35866777,40.80444067]]]}},{"type":"Feature","properties":{"cat":"yol","region":"GB","name":"kütüphane yolu"},"geometry":{"type":"Polygon","coordinates":[[[29.35917242,40.80597418],[29.35977216,40.8077623],[29.35986359,40.80774569],[29.35956372,40.80682673],[29.35959297,40.80682673],[29.35957834,40.80674922],[29.35930773,40.80594373],[29.35917242,40.80597418]]]}},{"type":"Feature","properties":{"cat":"yol","region":"GB","name":"anayol ve alt geçit"},"geometry":{"type":"Polygon","coordinates":[[[29.35593238,40.80853179],[29.35761457,40.80821071],[29.35776085,40.80863974],[29.35787787,40.80862036],[29.35773525,40.80819133],[29.3598965,40.80777891],[29.35986359,40.80768203],[29.35749755,40.80815535],[29.35585924,40.80846813],[29.35593238,40.80853179]]]}},{"type":"Feature","properties":{"cat":"yol","region":"GB","name":"uçak kütüphane arkası kestirme"},"geometry":{"type":"Polygon","coordinates":[[[29.357578,40.80627036],[29.35779742,40.80670493],[29.35796929,40.80679628],[29.35854343,40.80698173],[29.35867508,40.80695959],[29.35788884,40.80668833],[29.35766211,40.80623714],[29.35757434,40.80625652],[29.357578,40.80627036]]]}},{"type":"Feature","properties":{"cat":"yol","region":"GB","name":"hangar yolu alt"},"geometry":{"type":"Polygon","coordinates":[[[29.35402529,40.80598525],[29.35412951,40.80597556],[29.35417522,40.80621361],[29.35421179,40.80620531],[29.3543727,40.80603369],[29.35459577,40.80591743],[29.35483895,40.8058939],[29.35484627,40.80587176],[29.35462868,40.80588422],[29.35448606,40.80589667],[29.35453909,40.80592435],[29.35435441,40.80601293],[29.35419716,40.80617071],[29.35415876,40.80596587],[29.35453177,40.80592712],[29.35448972,40.80589667],[29.35401432,40.80596172],[29.35402529,40.80598525]]]}},{"type":"Feature","properties":{"cat":"yol","region":"GB","name":"hangar yolu üst"},"geometry":{"type":"Polygon","coordinates":[[[29.35578244,40.80854009],[29.35572759,40.80879197],[29.35484627,40.80902725],[29.35467805,40.8090397],[29.35467439,40.80894836],[29.35475119,40.80882519],[29.35471096,40.80873385],[29.35505654,40.80867295],[29.3550346,40.80864943],[29.35492855,40.80867295],[29.35467805,40.80872001],[29.35465611,40.80876291],[29.35470182,40.80883903],[29.3546232,40.80893867],[29.35464148,40.80905077],[29.35467439,40.80908399],[29.35487735,40.80905493],[29.35515894,40.80898158],[29.35557766,40.80886809],[29.35575319,40.80882242],[29.35579524,40.8087643],[29.3558373,40.80853041],[29.35578244,40.80854009]]]}},{"type":"Feature","properties":{"cat":"yol","region":"GB","name":"hangar arka yol"},"geometry":{"type":"Polygon","coordinates":[[[29.35397409,40.80598802],[29.35397226,40.80596034],[29.35379856,40.80598248],[29.35369799,40.80604753],[29.35373456,40.80618039],[29.35444949,40.80824946],[29.35449155,40.80837679],[29.35489381,40.80831312],[29.35488832,40.80828268],[29.35453177,40.80834911],[29.35451897,40.8083325],[29.3542191,40.80747443],[29.35380221,40.80628143],[29.35375467,40.80609597],[29.35381684,40.80602123],[29.35397409,40.80598802]]]}},{"type":"Feature","properties":{"cat":"yol","region":"GB","name":"uçak arka giriş"},"geometry":{"type":"Polygon","coordinates":[[[29.35734761,40.80468703],[29.35749755,40.80516452],[29.35754874,40.8051493],[29.35738784,40.8046718],[29.35734761,40.80468703]]]}},{"type":"Feature","properties":{"cat":"yesil","region":"GB","name":""},"geometry":{"type":"Polygon","coordinates":[[[29.35603084,40.80808155],[29.35603713,40.80810564],[29.35611452,40.80808733],[29.35610502,40.80807879],[29.35627214,40.80805268],[29.35627214,40.80802609],[29.35623796,40.80802989],[29.35623796,40.8079995],[29.35625078,40.80798858],[29.35624603,40.8079639],[29.35617766,40.80797149],[29.35617469,40.80798707],[29.35607879,40.80800654],[29.35608366,40.80799523],[29.3560058,40.80800805],[29.35601268,40.80803573],[29.35604307,40.80804107],[29.35605351,40.80807799],[29.35603084,40.80808155]]]}},{"type":"Feature","properties":{"cat":"yesil","region":"GB","name":""},"geometry":{"type":"Polygon","coordinates":[[[29.35909549,40.80654029],[29.35934996,40.80649092],[29.35918664,40.80595539],[29.35859794,40.80606933],[29.35862072,40.80609592],[29.35859034,40.80609972],[29.35868909,40.80646433],[29.35820673,40.80655169],[29.35809279,40.80619087],[29.35764841,40.80624784],[29.35784971,40.80667323],[29.35861693,40.80695808],[29.35903472,40.80687073],[29.35898914,40.8067188],[29.35843842,40.80679477],[29.35833587,40.80660106],[29.35873087,40.8065251],[29.35871947,40.80648712],[29.35876125,40.80646813],[29.3586701,40.80619467],[29.35890938,40.80614529],[29.35899674,40.80641116],[29.35904611,40.80641116],[29.35909549,40.80654029]]]}},{"type":"Feature","properties":{"cat":"yesil","region":"GB","name":""},"geometry":{"type":"Polygon","coordinates":[[[29.35854476,40.80698087],[29.35792567,40.80676058],[29.35779654,40.80668462],[29.35759524,40.80625544],[29.35673687,40.80641876],[29.35726481,40.80679097],[29.35778135,40.80711001],[29.35854476,40.80698087]]]}},{"type":"Feature","properties":{"cat":"yesil","region":"GB","name":""},"geometry":{"type":"Polygon","coordinates":[[[29.35921228,40.80690681],[29.35789339,40.80715559],[29.35917714,40.80780126],[29.35927589,40.80778227],[29.35924931,40.80768352],[29.35904991,40.80770441],[29.35898724,40.80755628],[29.35893786,40.80733979],[29.35886665,40.80711001],[29.35911258,40.80707772],[29.3590727,40.80697328],[29.35921133,40.80695239],[29.35921228,40.80690681]]]}},{"type":"Feature","properties":{"cat":"yesil","region":"GB","name":""},"geometry":{"type":"Polygon","coordinates":[[[29.35673022,40.80807995],[29.35701888,40.80820908],[29.35906985,40.80782927],[29.35768734,40.8071684],[29.35635042,40.80742667],[29.35647195,40.80774571],[29.35661628,40.80772292],[29.35673022,40.80807995]]]}},{"type":"Feature","properties":{"cat":"yesil","region":"GB","name":""},"geometry":{"type":"Polygon","coordinates":[[[29.3567364,40.80813454],[29.35624644,40.80823139],[29.35625404,40.80823899],[29.35621226,40.80824279],[29.35595019,40.80829596],[29.35580207,40.80787817],[29.35600716,40.80783639],[29.35599957,40.80777942],[29.35564634,40.8078288],[29.35560457,40.80786678],[29.35577548,40.8084137],[29.35583055,40.80845358],[29.35698327,40.80823899],[29.3567364,40.80813454]]]}},{"type":"Feature","properties":{"cat":"yesil","region":"GB","name":""},"geometry":{"type":"Polygon","coordinates":[[[29.35619137,40.80771675],[29.35639267,40.80768257],[29.35617618,40.80707867],[29.35598248,40.80711286],[29.35619137,40.80771675]]]}},{"type":"Feature","properties":{"cat":"yesil","region":"GB","name":""},"geometry":{"type":"Polygon","coordinates":[[[29.35549632,40.80720971],[29.35540137,40.8072192],[29.35537383,40.80725244],[29.35553762,40.80776993],[29.3555946,40.80778512],[29.35569904,40.80776613],[29.35549632,40.80720971]]]}},{"type":"Feature","properties":{"cat":"yesil","region":"GB","name":""},"geometry":{"type":"Polygon","coordinates":[[[29.35622459,40.80705547],[29.35634852,40.80737872],[29.35764746,40.80713565],[29.3571765,40.80686978],[29.35691443,40.80667987],[29.3565802,40.8064216],[29.356189,40.80649567],[29.35621273,40.80656973],[29.35645107,40.80654314],[29.35659159,40.80697992],[29.3563809,40.80701666],[29.35622245,40.80705226],[29.35622459,40.80705547]]]}},{"type":"Feature","properties":{"cat":"yesil","region":"GB","name":""},"geometry":{"type":"Polygon","coordinates":[[[29.35589358,40.80699737],[29.35571257,40.80704259],[29.35554261,40.80707962],[29.3552936,40.8063333],[29.3558899,40.80621936],[29.35594307,40.80638267],[29.35615197,40.80634849],[29.35619754,40.80646623],[29.35652418,40.80640166],[29.3562735,40.80622695],[29.35580634,40.80601046],[29.35497076,40.80583955],[29.3549634,40.80602185],[29.35507734,40.80636938],[29.35518369,40.80670551],[29.35534107,40.80715274],[29.35536196,40.80717647],[29.35564231,40.80712805],[29.35591506,40.80706491],[29.35589358,40.80699737]]]}},{"type":"Feature","properties":{"cat":"yesil","region":"GB","name":""},"geometry":{"type":"Polygon","coordinates":[[[29.35803677,40.80609034],[29.359161,40.80591088],[29.35902807,40.8054741],[29.35882867,40.80552395],[29.35882677,40.80556383],[29.35896635,40.80554816],[29.35899863,40.805664],[29.35887947,40.80568299],[29.35888944,40.80573],[29.35884386,40.80574376],[29.35885621,40.80579409],[29.35887235,40.80584061],[29.35882772,40.80585771],[29.35883911,40.80590898],[29.35865586,40.80594744],[29.35851153,40.80547267],[29.35879259,40.80543849],[29.35881158,40.80549546],[29.35900908,40.80546508],[29.35898249,40.80541191],[29.35900908,40.8054157],[29.3589597,40.80525618],[29.35884029,40.80529042],[29.35885716,40.80536633],[29.35843177,40.8054233],[29.35832542,40.80505868],[29.35773102,40.80514936],[29.35803677,40.80609034]]]}},{"type":"Feature","properties":{"cat":"yesil","region":"GB","name":""},"geometry":{"type":"Polygon","coordinates":[[[29.35725721,40.80528752],[29.35677485,40.80534829],[29.35679384,40.80550781],[29.35650044,40.80556763],[29.35533538,40.80518877],[29.35524422,40.80530271],[29.35511509,40.80563314],[29.35506191,40.8057243],[29.35566961,40.80587242],[29.35582153,40.80590281],[29.35624692,40.80610031],[29.35664952,40.80637377],[29.35762183,40.80619526],[29.35731038,40.80519636],[29.35722303,40.80519636],[29.35725721,40.80528752]]]}},{"type":"Feature","properties":{"cat":"yesil","region":"GB","name":""},"geometry":{"type":"Polygon","coordinates":[[[29.35364048,40.80574804],[29.35441149,40.80570246],[29.35461564,40.80569012],[29.35469445,40.80569344],[29.35475427,40.80570436],[29.35484827,40.80571765],[29.35490904,40.80564264],[29.35466216,40.80559516],[29.35423345,40.80558899],[29.35380475,40.80558947],[29.3538106,40.80568064],[29.35379946,40.80568068],[29.35376202,40.8056792],[29.35361674,40.80567302],[29.35364048,40.80574804]]]}},{"type":"Feature","properties":{"cat":"yesil","region":"GB","name":""},"geometry":{"type":"Polygon","coordinates":[[[29.35368183,40.80607215],[29.35376443,40.8059715],[29.35398472,40.80594871],[29.35461521,40.80587655],[29.3548241,40.80585756],[29.3548203,40.805774],[29.35449842,40.80574741],[29.35419457,40.8057702],[29.35363245,40.80580059],[29.35368183,40.80607215]]]}},{"type":"Feature","properties":{"cat":"yesil","region":"GB","name":""},"geometry":{"type":"Polygon","coordinates":[[[29.35358972,40.80547775],[29.35441011,40.80550813],[29.35472155,40.80551573],[29.35491905,40.8055689],[29.35520391,40.804984],[29.35572805,40.80483967],[29.35554004,40.80419209],[29.35594264,40.80411423],[29.35578882,40.8035863],[29.35765368,40.8031856],[29.3576081,40.80304697],[29.35796702,40.8029938],[29.35798126,40.80312103],[29.35832404,40.80307546],[29.35827087,40.80290454],[29.35640743,40.80282526],[29.35598015,40.8028319],[29.35626168,40.80325776],[29.35620471,40.80336791],[29.3556236,40.8033831],[29.35559322,40.80370214],[29.35530456,40.80375152],[29.35537957,40.80410379],[29.35539951,40.80426806],[29.35524379,40.80445036],[29.35499312,40.80428705],[29.35470541,40.80438865],[29.35441961,40.80481878],[29.3542221,40.80486056],[29.35386508,40.80482258],[29.35358972,40.80547775]]]}},{"type":"Feature","properties":{"cat":"yesil","region":"GB","name":""},"geometry":{"type":"Polygon","coordinates":[[[29.35427172,40.80617126],[29.35502576,40.80844762],[29.35518599,40.80829581],[29.35516735,40.80824691],[29.35521958,40.80824644],[29.35524237,40.80832335],[29.35504866,40.80848904],[29.35505816,40.80854126],[29.35557992,40.80843824],[29.3556141,40.80857592],[29.35513507,40.80866624],[29.3551778,40.80878304],[29.35499169,40.80881722],[29.35502018,40.80891217],[29.35473319,40.80895075],[29.35471776,40.80895443],[29.35472345,40.80897959],[29.35482885,40.80899668],[29.35508617,40.80894446],[29.35569197,40.80878683],[29.35573185,40.80858174],[29.35567108,40.80840892],[29.35507668,40.80669219],[29.354826,40.80592117],[29.35465129,40.80594776],[29.35434293,40.80606016],[29.35427172,40.80617126]]]}},{"type":"Feature","properties":{"cat":"yesil","region":"GB","name":""},"geometry":{"type":"Polygon","coordinates":[[[29.35789563,40.80861079],[29.35941605,40.80832735],[29.3594132,40.80826041],[29.35929499,40.80807098],[29.35916983,40.80794146],[29.35916484,40.80792259],[29.35882729,40.80798383],[29.35856184,40.80803288],[29.35858498,40.80811086],[29.35875091,40.80808879],[29.35878403,40.80818457],[29.35837081,40.80826157],[29.3583352,40.80816329],[29.35850469,40.80811843],[29.35847941,40.80804348],[29.35778899,40.80818306],[29.35780038,40.80833546],[29.35789563,40.80861079]]]}},{"type":"Feature","properties":{"cat":"yesil","region":"GB","name":""},"geometry":{"type":"Polygon","coordinates":[[[29.35926935,40.80789864],[29.35932312,40.80798019],[29.35956881,40.80824083],[29.35962151,40.80828854],[29.35985794,40.80824012],[29.35972121,40.80780713],[29.35926935,40.80789864]]]}},{"type":"Feature","properties":{"cat":"yesil","region":"GB","name":""},"geometry":{"type":"Polygon","coordinates":[[[29.35612524,40.80671222],[29.35620429,40.80699565],[29.35634815,40.80697713],[29.35625343,40.80668943],[29.35612524,40.80671222]]]}},{"type":"Feature","properties":{"cat":"yesil","region":"GB","name":""},"geometry":{"type":"Polygon","coordinates":[[[29.3589464,40.80519642],[29.35892147,40.80509815],[29.35882604,40.80511097],[29.35884883,40.80521351],[29.3589464,40.80519642]]]}},{"type":"Feature","properties":{"cat":"bina","region":"KD","name":"İşletme Fakültesi"},"geometry":{"type":"Polygon","coordinates":[[[29.3616434,40.8089145],[29.3625213,40.808748],[29.3623963,40.8083704],[29.3615184,40.808537],[29.3616434,40.8089145]],[[29.3622372,40.8087003],[29.3621763,40.8085081],[29.3623114,40.8084835],[29.3623723,40.8086757],[29.3622372,40.8087003]]]}},{"type":"Feature","properties":{"cat":"bina","region":"KD","name":"Gebze Teknik Üniversitesi Sağlık Kültür ve Spor Daire Başkanlığı"},"geometry":{"type":"Polygon","coordinates":[[[29.3652822,40.8109816],[29.365501,40.8109633],[29.3655036,40.8109814],[29.3656285,40.8109709],[29.3656255,40.8109501],[29.3658102,40.8109346],[29.36577486,40.81068802],[29.3652902,40.8107465],[29.3653546,40.8107926],[29.3654323,40.8108101],[29.3654412,40.8108715],[29.3653536,40.8108788],[29.365357,40.8109019],[29.3652715,40.8109091],[29.3652822,40.8109816]]]}},{"type":"Feature","properties":{"cat":"bina","region":"KD","name":"Fizik Bölümü"},"geometry":{"type":"Polygon","coordinates":[[[29.3638936,40.8111379],[29.3641826,40.8111111],[29.3641463,40.8108868],[29.3638572,40.8109136],[29.3638936,40.8111379]]]}},{"type":"Feature","properties":{"cat":"bina","region":"KD","name":"F Blok Endüstriyel Tasarım Bölümü"},"geometry":{"type":"Polygon","coordinates":[[[29.3611723,40.8095485],[29.3612231,40.8096305],[29.361253,40.8096199],[29.3612618,40.8096342],[29.3616524,40.8094958],[29.3615884,40.8093923],[29.3613137,40.8094897],[29.3613035,40.8094732],[29.3612269,40.8095003],[29.3612415,40.8095239],[29.3611723,40.8095485]]]}},{"type":"Feature","properties":{"cat":"bina","region":"KD","name":"Atölye Cadcam Laboratuvarı"},"geometry":{"type":"Polygon","coordinates":[[[29.3607483,40.8096842],[29.360792,40.80976],[29.3610245,40.8096833],[29.3609808,40.8096075],[29.3607483,40.8096842]]]}},{"type":"Feature","properties":{"cat":"bina","region":"KD","name":"Fizik Bölümü (H Blok)"},"geometry":{"type":"Polygon","coordinates":[[[29.3613354,40.809809],[29.3614064,40.8099252],[29.3617043,40.8098209],[29.3616332,40.8097047],[29.3613354,40.809809]]]}},{"type":"Feature","properties":{"cat":"bina","region":"KD","name":"Öğrenci Yemekhanesi"},"geometry":{"type":"Polygon","coordinates":[[[29.3614868,40.8101064],[29.3615549,40.8102276],[29.3617825,40.8101543],[29.3618044,40.810135],[29.3618186,40.810111],[29.3618197,40.8100887],[29.3618144,40.81007],[29.3617987,40.8100484],[29.361771,40.8100338],[29.3617471,40.810029],[29.3617206,40.8100311],[29.3614868,40.8101064]]]}},{"type":"Feature","properties":{"cat":"bina","region":"KD","name":"Mimarlık Fakültesi K Blok"},"geometry":{"type":"Polygon","coordinates":[[[29.3613654,40.8102207],[29.36107,40.8103276],[29.3611226,40.810408],[29.3614168,40.8103029],[29.3613654,40.8102207]]]}},{"type":"Feature","properties":{"cat":"bina","region":"KD","name":"Mimarlık Fakültesi U Blok"},"geometry":{"type":"Polygon","coordinates":[[[29.361198,40.810615],[29.3612624,40.8107224],[29.3615757,40.8106148],[29.3615113,40.8105074],[29.361198,40.810615]]]}},{"type":"Feature","properties":{"cat":"bina","region":"KD","name":"Fizik Bölümü"},"geometry":{"type":"Polygon","coordinates":[[[29.3617679,40.8104647],[29.361838,40.8105795],[29.362082,40.8104894],[29.3620166,40.8103772],[29.3617679,40.8104647]]]}},{"type":"Feature","properties":{"cat":"bina","region":"KD","name":"Mimarlık Fakültesi N Blok"},"geometry":{"type":"Polygon","coordinates":[[[29.3618593,40.8106723],[29.3619731,40.8108624],[29.3620564,40.8108338],[29.3620823,40.8108769],[29.3624167,40.8107621],[29.3623852,40.8107095],[29.362628,40.8106261],[29.3625152,40.8104379],[29.3621723,40.8105556],[29.362237,40.8106636],[29.3620617,40.8107238],[29.3620016,40.8106235],[29.3618593,40.8106723]]]}},{"type":"Feature","properties":{"cat":"bina","region":"KD","name":"Mimarlık Fakültesi M Blok"},"geometry":{"type":"Polygon","coordinates":[[[29.361731,40.8108357],[29.3616397,40.8108687],[29.3615997,40.810804],[29.3614336,40.8108641],[29.3614704,40.8109248],[29.3613808,40.8109571],[29.3614463,40.8110671],[29.3617967,40.8109476],[29.361731,40.8108357]]]}},{"type":"Feature","properties":{"cat":"bina","region":"KD","name":"Yeni Teknik Kırtasiye ve Copy Center"},"geometry":{"type":"Polygon","coordinates":[[[29.3614212,40.8112745],[29.3614918,40.8114526],[29.3615874,40.8114272],[29.3615269,40.8112505],[29.3614212,40.8112745]]]}},{"type":"Feature","properties":{"cat":"bina","region":"KD","name":"Kelebek Cafe ve Restaurant"},"geometry":{"type":"Polygon","coordinates":[[[29.3616382,40.8116264],[29.3617205,40.8118041],[29.3618526,40.8117698],[29.3617723,40.8115927],[29.3616382,40.8116264]]]}},{"type":"Feature","properties":{"cat":"bina","region":"KD","name":"Yabancı Diller Bölümü"},"geometry":{"type":"Polygon","coordinates":[[[29.3619756,40.8116679],[29.3620742,40.8116449],[29.3621972,40.8119195],[29.3622927,40.8118933],[29.3622348,40.8117549],[29.3624228,40.8117095],[29.3624889,40.8118533],[29.3625753,40.8118241],[29.3623933,40.8114433],[29.3623293,40.8114595],[29.3623456,40.8114895],[29.3623029,40.8115064],[29.3623527,40.8116203],[29.362186,40.8116679],[29.3621606,40.8116187],[29.3621901,40.8115918],[29.362185,40.8115464],[29.3621687,40.8115279],[29.3621413,40.8115064],[29.3621138,40.8114379],[29.3620417,40.8114549],[29.3619807,40.8114941],[29.3619543,40.8115264],[29.3619461,40.8115726],[29.3619502,40.8116179],[29.3619756,40.8116679]]]}},{"type":"Feature","properties":{"cat":"bina","region":"KD","name":"Mühendislik Fakültesi"},"geometry":{"type":"Polygon","coordinates":[[[29.3605632,40.8130066],[29.3611978,40.8128862],[29.3610007,40.8122912],[29.360374,40.81241],[29.3604528,40.8126481],[29.3603841,40.8126611],[29.3604344,40.812813],[29.3604953,40.8128015],[29.3605632,40.8130066]]]}},{"type":"Feature","properties":{"cat":"bina","region":"KD","name":"Bilgi İşlem Dairesi Başkanlığı / Fen Bilimleri Enstitüsü"},"geometry":{"type":"Polygon","coordinates":[[[29.3639537,40.8094312],[29.3639405,40.8093363],[29.3633955,40.8093797],[29.3633911,40.8093479],[29.363344,40.8093516],[29.3633026,40.8090526],[29.3633492,40.8090489],[29.363345,40.8090185],[29.3637906,40.8089833],[29.3637735,40.808859],[29.3633192,40.8088949],[29.3633224,40.8089176],[29.3631646,40.8089301],[29.3632282,40.8093916],[29.3631841,40.8093951],[29.3631983,40.8094987],[29.3632319,40.8095202],[29.3633669,40.8095094],[29.3633625,40.8094782],[29.3639537,40.8094312]]]}},{"type":"Feature","properties":{"cat":"bina","region":"KD","name":""},"geometry":{"type":"Polygon","coordinates":[[[29.3642351,40.807543],[29.3642012,40.8075504],[29.3641636,40.8075375],[29.3640338,40.8075652],[29.3639924,40.807434],[29.3639864,40.8074179],[29.3638957,40.8074373],[29.3639018,40.8074533],[29.3639416,40.8075803],[29.3637547,40.8076201],[29.363771,40.8076639],[29.3637778,40.807682],[29.3638239,40.8076722],[29.363867,40.8076957],[29.3639794,40.8076712],[29.3640075,40.8077456],[29.3640142,40.8077627],[29.3640575,40.8077532],[29.3641111,40.8077415],[29.3641059,40.8077272],[29.3640782,40.8076547],[29.3642625,40.8076145],[29.3642427,40.8075627],[29.3642351,40.807543]]]}},{"type":"Feature","properties":{"cat":"bina","region":"KD","name":"GTÜ Rektör Lojmanı"},"geometry":{"type":"Polygon","coordinates":[[[29.3628153,40.8111473],[29.3629867,40.8111168],[29.3629484,40.8109938],[29.3628638,40.8110088],[29.3627771,40.8110243],[29.3628153,40.8111473]]]}},{"type":"Feature","properties":{"cat":"bina","region":"KD","name":"Fizik Bölümü"},"geometry":{"type":"Polygon","coordinates":[[[29.3643371,40.8112831],[29.3650111,40.8112234],[29.3650037,40.8111755],[29.3651296,40.8111643],[29.3651135,40.8110604],[29.3649873,40.8110716],[29.3649828,40.8110426],[29.3648098,40.8110579],[29.3647293,40.811043],[29.3646628,40.8110696],[29.3646156,40.8110737],[29.3646084,40.8110268],[29.3642771,40.8110561],[29.364295,40.8111723],[29.3643196,40.8111701],[29.3643371,40.8112831]]]}},{"type":"Feature","properties":{"cat":"bina","region":"KD","name":"E Blok Ek Derslik Binası"},"geometry":{"type":"Polygon","coordinates":[[[29.3603454,40.8093346],[29.3613448,40.8090704],[29.3612919,40.8089559],[29.3603464,40.8092059],[29.3602926,40.8092201],[29.3603454,40.8093346]]]}},{"type":"Feature","properties":{"cat":"bina","region":"KD","name":""},"geometry":{"type":"Polygon","coordinates":[[[29.3610678,40.8087846],[29.3611801,40.8087618],[29.3611242,40.8086036],[29.3610118,40.8086264],[29.3610678,40.8087846]]]}},{"type":"Feature","properties":{"cat":"bina","region":"KD","name":""},"geometry":{"type":"Polygon","coordinates":[[[29.3605207,40.8089256],[29.3606521,40.8088904],[29.3606068,40.8087934],[29.3604754,40.8088285],[29.3605207,40.8089256]]]}},{"type":"Feature","properties":{"cat":"bina","region":"KD","name":""},"geometry":{"type":"Polygon","coordinates":[[[29.3637367,40.8110845],[29.3638555,40.8110742],[29.3638309,40.8109107],[29.363712,40.810921],[29.3637367,40.8110845]]]}},{"type":"Feature","properties":{"cat":"bina","region":"KD","name":""},"geometry":{"type":"Polygon","coordinates":[[[29.3610152,40.813172],[29.3610562,40.8133006],[29.3612831,40.8132592],[29.3612421,40.8131306],[29.3610152,40.813172]]]}},{"type":"Feature","properties":{"cat":"bina","region":"KD","name":"GTÜ Ana Kapı"},"geometry":{"type":"Polygon","coordinates":[[[29.3648998,40.8091472],[29.3650608,40.809138],[29.3650628,40.8091579],[29.3651505,40.8091529],[29.3651492,40.80914],[29.3651959,40.8091374],[29.365191,40.8090877],[29.3650368,40.8090965],[29.365032,40.809049],[29.3650432,40.8090484],[29.365039,40.8090065],[29.3649385,40.8090122],[29.3649418,40.8090456],[29.3649659,40.8090443],[29.3649724,40.8091097],[29.3648965,40.8091141],[29.3648998,40.8091472]]]}},{"type":"Feature","properties":{"cat":"bina","region":"KD","name":"ÖSYM Gebze"},"geometry":{"type":"Polygon","coordinates":[[[29.3650791,40.8094635],[29.3650893,40.809584],[29.365426,40.8095675],[29.3654159,40.8094471],[29.3650791,40.8094635]]]}},{"type":"Feature","properties":{"cat":"bina","region":"KD","name":"Kongre ve Kültür Merkezi"},"geometry":{"type":"Polygon","coordinates":[[[29.36026373,40.81444577],[29.36106107,40.81429229],[29.36089054,40.81376208],[29.36078915,40.81376906],[29.36077532,40.81369581],[29.36011163,40.81381092],[29.3601485,40.81389115],[29.36002406,40.81390859],[29.3601439,40.81428182],[29.36020842,40.81428182],[29.36026373,40.81444577]]]}},{"type":"Feature","properties":{"cat":"bina","region":"KD","name":"Hali Saha"},"geometry":{"type":"Polygon","coordinates":[[[29.36529207,40.81072465],[29.36578984,40.81066535],[29.36575297,40.81047348],[29.3652552,40.81053453],[29.36529207,40.81072465]]]}},{"type":"Feature","properties":{"cat":"bina","region":"KD","name":"Hali Saha"},"geometry":{"type":"Polygon","coordinates":[[[29.36523216,40.81045081],[29.36550639,40.81042116],[29.36537504,40.80969383],[29.36507545,40.80973045],[29.36523216,40.81045081]]]}},{"type":"Feature","properties":{"cat":"bina","region":"KD","name":"tenis"},"geometry":{"type":"Polygon","coordinates":[[[29.36434724,40.80993976],[29.36477587,40.80990662],[29.3647367,40.80958917],[29.36431037,40.8096258],[29.36434724,40.80993976]]]}},{"type":"Feature","properties":{"cat":"bina","region":"KD","name":"tenis2"},"geometry":{"type":"Polygon","coordinates":[[[29.36426428,40.80960313],[29.36472518,40.80956824],[29.36470444,40.80939382],[29.36423778,40.80942347],[29.36426428,40.80960313]]]}},{"type":"Feature","properties":{"cat":"bina","region":"KD","name":"tenis 3"},"geometry":{"type":"Polygon","coordinates":[[[29.36416058,40.80982813],[29.36431037,40.80982028],[29.36429309,40.8096476],[29.36414445,40.8096572],[29.36416058,40.80982813]]]}},{"type":"Feature","properties":{"cat":"bina","region":"KD","name":"Kelebek Ön"},"geometry":{"type":"Polygon","coordinates":[[[29.36194772,40.81150648],[29.36198805,40.81145677],[29.36184978,40.81131113],[29.36177027,40.81130415],[29.36169192,40.81141578],[29.3617092,40.8114559],[29.36174492,40.81147683],[29.36194772,40.81150648]]]}},{"type":"Feature","properties":{"cat":"otopark","region":"KD","name":""},"geometry":{"type":"Polygon","coordinates":[[[29.35986621,40.81375249],[29.36083408,40.81358157],[29.35970029,40.81308624],[29.35964959,40.81308624],[29.35986621,40.81375249]]]}},{"type":"Feature","properties":{"cat":"otopark","region":"KD","name":""},"geometry":{"type":"Polygon","coordinates":[[[29.36099079,40.81335396],[29.36102535,40.81331036],[29.36097466,40.81315426],[29.36126387,40.81309845],[29.36120165,40.81292316],[29.36052528,40.81307054],[29.36056792,40.8131874],[29.36099079,40.81335396]]]}},{"type":"Feature","properties":{"cat":"otopark","region":"KD","name":""},"geometry":{"type":"Polygon","coordinates":[[[29.36203125,40.81235719],[29.36264885,40.81213568],[29.36254515,40.81197871],[29.36192755,40.81219847],[29.36203125,40.81235719]]]}},{"type":"Feature","properties":{"cat":"otopark","region":"KD","name":""},"geometry":{"type":"Polygon","coordinates":[[[29.36092281,40.81652556],[29.36136526,40.81648894],[29.36141596,40.81647324],[29.36143209,40.81643487],[29.36140444,40.81639476],[29.36135374,40.81638779],[29.36135374,40.81634593],[29.36089746,40.81639476],[29.36092281,40.81652556]]]}},{"type":"Feature","properties":{"cat":"otopark","region":"KD","name":""},"geometry":{"type":"Polygon","coordinates":[[[29.36150123,40.8085374],[29.36240919,40.80835774],[29.36254054,40.80873973],[29.36276868,40.80870485],[29.36259354,40.80819378],[29.36126617,40.80844321],[29.36130996,40.80857403],[29.36150123,40.8085374]]]}},{"type":"Feature","properties":{"cat":"otopark","region":"KD","name":""},"geometry":{"type":"Polygon","coordinates":[[[29.36281477,40.80869438],[29.36295074,40.80866996],[29.36279864,40.80818681],[29.36264194,40.8082182],[29.36281477,40.80869438]]]}},{"type":"Feature","properties":{"cat":"otopark","region":"KD","name":""},"geometry":{"type":"Polygon","coordinates":[[[29.36429654,40.80895427],[29.36455234,40.80891416],[29.36447168,40.80861066],[29.36421128,40.80864554],[29.36429654,40.80895427]]]}},{"type":"Feature","properties":{"cat":"otopark","region":"KD","name":""},"geometry":{"type":"Polygon","coordinates":[[[29.36351533,40.80965109],[29.36360751,40.80959702],[29.36389557,40.80956214],[29.3638875,40.80950719],[29.36350381,40.80954033],[29.36351533,40.80965109]]]}},{"type":"Feature","properties":{"cat":"otopark","region":"KD","name":""},"geometry":{"type":"Polygon","coordinates":[[[29.3635257,40.80972697],[29.36390709,40.80965284],[29.36390363,40.80959266],[29.36361788,40.80964237],[29.3635257,40.8096851],[29.3635257,40.80972697]]]}},{"type":"Feature","properties":{"cat":"otopark","region":"KD","name":""},"geometry":{"type":"Polygon","coordinates":[[[29.36504607,40.80943612],[29.36545396,40.80941693],[29.36544014,40.80923902],[29.36503225,40.80925995],[29.36504607,40.80943612]]]}},{"type":"Feature","properties":{"cat":"otopark","region":"KD","name":""},"geometry":{"type":"Polygon","coordinates":[[[29.36101326,40.81095881],[29.36075055,40.81047218],[29.36066528,40.81048439],[29.36094412,40.81097101],[29.36101326,40.81095881]]]}},{"type":"Feature","properties":{"cat":"orman","region":"KD","name":""},"geometry":{"type":"Polygon","coordinates":[[[29.36177344,40.8122508],[29.3618057,40.81228917],[29.36176422,40.81310804],[29.36186101,40.8135336],[29.36202693,40.81370104],[29.36274593,40.81366964],[29.36440745,40.81221853],[29.36445815,40.81210516],[29.36442127,40.8117511],[29.36501352,40.8113543],[29.36440284,40.81140662],[29.3639189,40.81147988],[29.36259153,40.81192289],[29.36270906,40.81214963],[29.36201772,40.8123973],[29.3619071,40.8122194],[29.36177344,40.8122508]]]}},{"type":"Feature","properties":{"cat":"orman","region":"KD","name":""},"geometry":{"type":"Polygon","coordinates":[[[29.36213294,40.81378912],[29.36218825,40.81385016],[29.36215598,40.8145757],[29.36248783,40.81519311],[29.36248322,40.81532915],[29.36230808,40.81554192],[29.36193475,40.81579307],[29.36191632,40.81595701],[29.36212372,40.81621164],[29.3629902,40.81540937],[29.3629395,40.81535007],[29.36316073,40.81514079],[29.36330822,40.81477802],[29.36331283,40.81452338],[29.36330822,40.81405945],[29.36337274,40.81370714],[29.36369998,40.81325716],[29.36452958,40.81260137],[29.36475542,40.8122944],[29.36489369,40.81178162],[29.36511492,40.81165604],[29.36553433,40.81164557],[29.36568643,40.81155139],[29.36582469,40.81134906],[29.3659814,40.81114674],[29.36583161,40.81110488],[29.36558503,40.81115285],[29.36557236,40.81129412],[29.36512875,40.81135866],[29.36457106,40.81177377],[29.36455263,40.81220981],[29.36282889,40.81373766],[29.36213294,40.81378912]]]}},{"type":"Feature","properties":{"cat":"orman","region":"KD","name":""},"geometry":{"type":"Polygon","coordinates":[[[29.36276091,40.81179819],[29.36395894,40.81140837],[29.3643,40.8113822],[29.36407647,40.8095665],[29.36393302,40.80959353],[29.36393215,40.80965284],[29.36352656,40.80974354],[29.36280296,40.81067843],[29.36289399,40.8109854],[29.36298213,40.81097189],[29.36303283,40.8111354],[29.36278625,40.81119122],[29.36271943,40.81100982],[29.36282082,40.8109854],[29.36275399,40.81074645],[29.36241063,40.81117029],[29.36276091,40.81179819]]]}},{"type":"Feature","properties":{"cat":"orman","region":"KD","name":""},"geometry":{"type":"Polygon","coordinates":[[[29.36305559,40.81018569],[29.36329525,40.80988569],[29.3631109,40.80990313],[29.36303715,40.80959964],[29.36204162,40.80986476],[29.36182961,40.80941475],[29.36164526,40.80927172],[29.36156229,40.80906939],[29.3609447,40.80925777],[29.36171439,40.81059035],[29.36291271,40.8101822],[29.36305559,40.81018569]]]}},{"type":"Feature","properties":{"cat":"orman","region":"KD","name":""},"geometry":{"type":"Polygon","coordinates":[[[29.36220294,40.81113802],[29.36233199,40.81112668],[29.36266729,40.81073424],[29.36262235,40.81073337],[29.36205545,40.81090081],[29.36220294,40.81113802]]]}},{"type":"Feature","properties":{"cat":"orman","region":"KD","name":""},"geometry":{"type":"Polygon","coordinates":[[[29.3627514,40.81059645],[29.3630095,40.81024936],[29.36287123,40.81025982],[29.3625993,40.81035401],[29.3627514,40.81059645]]]}},{"type":"Feature","properties":{"cat":"orman","region":"KD","name":""},"geometry":{"type":"Polygon","coordinates":[[[29.36117745,40.81113366],[29.36157151,40.81113715],[29.36152427,40.81104209],[29.36163719,40.81099936],[29.3616948,40.81113715],[29.36192755,40.81111796],[29.36082141,40.80931097],[29.36039739,40.80938771],[29.36039278,40.80952376],[29.36117745,40.81113366]]]}},{"type":"Feature","properties":{"cat":"orman","region":"KD","name":""},"geometry":{"type":"Polygon","coordinates":[[[29.35878887,40.81114587],[29.36049878,40.81111098],[29.35812057,40.80945748],[29.35878887,40.81114587]]]}},{"type":"Feature","properties":{"cat":"orman","region":"KD","name":""},"geometry":{"type":"Polygon","coordinates":[[[29.35811136,40.8093633],[29.36057714,40.8111075],[29.36067392,40.81109354],[29.35941108,40.80858537],[29.35795004,40.80886793],[29.35811136,40.8093633]]]}},{"type":"Feature","properties":{"cat":"yol","region":"KD","name":"marmaray giriş"},"geometry":{"type":"Polygon","coordinates":[[[29.36401238,40.8076758],[29.36407546,40.8078578],[29.36414494,40.80784257],[29.36406449,40.80766819],[29.36401238,40.8076758]]]}},{"type":"Feature","properties":{"cat":"yol","region":"KD","name":"ana giriş kapısı yolu"},"geometry":{"type":"Polygon","coordinates":[[[29.36407821,40.80785572],[29.3640846,40.80788617],[29.36438082,40.80785018],[29.36440093,40.80787233],[29.36441739,40.80789862],[29.36458012,40.80856293],[29.36469166,40.80898088],[29.36475931,40.80898227],[29.36457281,40.8082889],[29.36449327,40.80795191],[29.36443658,40.80786264],[29.36439362,40.80782527],[29.36430494,40.80781628],[29.36407821,40.80785572]]]}},{"type":"Feature","properties":{"cat":"yol","region":"KD","name":"işletme yoluve otoparkı yolu"},"geometry":{"type":"Polygon","coordinates":[[[29.36439362,40.8078571],[29.36394198,40.80794291],[29.36361469,40.80802733],[29.36290524,40.80812283],[29.36263646,40.80819341],[29.36261452,40.80813805],[29.36257612,40.80814774],[29.36281382,40.80884664],[29.3628449,40.80883626],[29.36279736,40.8086951],[29.36263829,40.80822178],[29.36308078,40.80813321],[29.36321608,40.80811798],[29.36361469,40.80806401],[29.36441647,40.80787994],[29.36439362,40.8078571]]]}},{"type":"Feature","properties":{"cat":"yol","region":"KD","name":"ana arba çıkış kapısı"},"geometry":{"type":"Polygon","coordinates":[[[29.36469166,40.80898088],[29.36469531,40.80900303],[29.36522191,40.80899126],[29.36522374,40.80897051],[29.36469166,40.80898088]]]}},{"type":"Feature","properties":{"cat":"yol","region":"KD","name":"ana araba giriş kapısı"},"geometry":{"type":"Polygon","coordinates":[[[29.36524111,40.80915665],[29.36475474,40.80921062],[29.36476022,40.80923553],[29.36525208,40.80917741],[29.36524111,40.80915665]]]}},{"type":"Feature","properties":{"cat":"yol","region":"KD","name":"ana giriş -çıkış yaya"},"geometry":{"type":"Polygon","coordinates":[[[29.36469348,40.80900441],[29.36475565,40.80921408],[29.36480136,40.80920509],[29.36477577,40.80911167],[29.36497507,40.80909091],[29.36496684,40.80905908],[29.36484068,40.80906392],[29.36475931,40.80906392],[29.36474925,40.80900234],[29.36469348,40.80900441]]]}},{"type":"Feature","properties":{"cat":"yol","region":"KD","name":"fen bilimleri ana yol"},"geometry":{"type":"Polygon","coordinates":[[[29.36476297,40.80923207],[29.36475382,40.80920578],[29.36421625,40.80922654],[29.36404986,40.80921962],[29.36347207,40.80924591],[29.36344647,40.80907707],[29.36468983,40.8090051],[29.36469348,40.80897743],[29.36417786,40.8089968],[29.36383045,40.80902033],[29.36339893,40.80905216],[29.36343001,40.80927497],[29.36407546,40.80924453],[29.36421991,40.8092556],[29.36476297,40.80923207]]]}},{"type":"Feature","properties":{"cat":"yol","region":"KD","name":"kelebek ana yol"},"geometry":{"type":"Polygon","coordinates":[[[29.36402609,40.80904524],[29.36408643,40.80952547],[29.36357812,40.80961681],[29.36347938,40.80965971],[29.36329288,40.80990882],[29.36234025,40.81114466],[29.36208243,40.81116542],[29.36198918,40.81113636],[29.36166554,40.81115435],[29.36173685,40.81131765],[29.36178348,40.81130658],[29.36172679,40.81117372],[29.36199009,40.81116888],[29.36209249,40.81121317],[29.36235487,40.81117511],[29.3623887,40.81116334],[29.36308306,40.81028802],[29.36332305,40.80997283],[29.36352052,40.80970158],[29.36392461,40.80960193],[29.36413306,40.80955488],[29.36409466,40.80924211],[29.36407089,40.80903728],[29.36402609,40.80904524]]]}},{"type":"Feature","properties":{"cat":"yol","region":"KD","name":"mimarlık ara taraf kestirmeler"},"geometry":{"type":"Polygon","coordinates":[[[29.36305975,40.81019702],[29.36289519,40.81020533],[29.36209249,40.81048073],[29.36208335,40.81049734],[29.36171582,40.8106205],[29.36170851,40.81062293],[29.36172542,40.81065233],[29.36200152,40.81055927],[29.36201204,40.81057207],[29.36209249,40.81054197],[29.36207832,40.81051602],[29.36241933,40.81039631],[29.36243213,40.81043298],[29.36213957,40.81052986],[29.36213591,40.81053297],[29.36214597,40.81054785],[29.36235076,40.8104835],[29.3624783,40.81044094],[29.36245453,40.81039216],[29.36244995,40.81038282],[29.36255052,40.81034856],[29.36272697,40.81064611],[29.36275165,40.81060874],[29.3626264,40.81040738],[29.362588,40.81033888],[29.36288056,40.81024131],[29.36303872,40.81023993],[29.36307163,40.81019426],[29.36305975,40.81019702]]]}},{"type":"Feature","properties":{"cat":"yol","region":"KD","name":"mimarlık ön kestirmeler"},"geometry":{"type":"Polygon","coordinates":[[[29.36219214,40.81115539],[29.36205409,40.81091805],[29.36262732,40.81072568],[29.3626648,40.81072637],[29.36268765,40.81069385],[29.3626456,40.81069178],[29.36245818,40.81075405],[29.36244813,40.81075682],[29.36242344,40.81071876],[29.36263189,40.81063642],[29.36262274,40.81062742],[29.36238779,40.81070769],[29.36241704,40.81076236],[29.3620806,40.8108793],[29.36206689,40.81085231],[29.36205226,40.81083501],[29.36198461,40.81085785],[29.36197181,40.810862],[29.36214551,40.81116092],[29.36219214,40.81115539]]]}},{"type":"Feature","properties":{"cat":"yol","region":"KD","name":"yabancı diller giriş"},"geometry":{"type":"Polygon","coordinates":[[[29.36202849,40.81118999],[29.36202118,40.81120106],[29.36224242,40.81165359],[29.3623247,40.81162591],[29.36227899,40.81157609],[29.36211626,40.81120936],[29.36202849,40.81118999]]]}},{"type":"Feature","properties":{"cat":"yol","region":"KD","name":"yabancı diller yan sokak"},"geometry":{"type":"Polygon","coordinates":[[[29.36235762,40.81117476],[29.36272514,40.81183627],[29.36275988,40.81181966],[29.36238139,40.81116507],[29.36235762,40.81117476]]]}},{"type":"Feature","properties":{"cat":"yol","region":"KD","name":"anayol (genç ofis tarafı)"},"geometry":{"type":"Polygon","coordinates":[[[29.3647552,40.80922827],[29.36483382,40.80953758],[29.3650962,40.81051463],[29.36521688,40.811309],[29.36526808,40.81130208],[29.36524065,40.81110003],[29.36517117,40.81061566],[29.36510718,40.81034995],[29.36484266,40.80923034],[29.3647552,40.80922827]]]}},{"type":"Feature","properties":{"cat":"yol","region":"KD","name":"anayol(yabancı diller arka taraf)"},"geometry":{"type":"Polygon","coordinates":[[[29.36526747,40.81129793],[29.36446173,40.81135974],[29.36390831,40.81144831],[29.36357431,40.81153688],[29.36325738,40.81161992],[29.36312816,40.81166789],[29.36272346,40.81183396],[29.36232851,40.81196866],[29.36189456,40.81211074],[29.36177753,40.81205723],[29.36167026,40.81191699],[29.36156056,40.81172878],[29.36152399,40.81160885],[29.36143378,40.81138558],[29.36136064,40.8112601],[29.36127044,40.8112029],[29.36123143,40.81118814],[29.36113148,40.81118814],[29.36116805,40.81126379],[29.36134358,40.81152212],[29.36162882,40.81198342],[29.36173853,40.81207476],[29.36189699,40.81214303],[29.36201158,40.81212642],[29.3623919,40.81198434],[29.3639973,40.81147046],[29.3642996,40.81141879],[29.36450195,40.81139296],[29.36527113,40.81132376],[29.36526747,40.81129793]]]}},{"type":"Feature","properties":{"cat":"yol","region":"KD","name":"fizik bölümü kestirme"},"geometry":{"type":"Polygon","coordinates":[[[29.36389124,40.80960862],[29.36419843,40.81113278],[29.36427644,40.81113647],[29.36397901,40.80959755],[29.36389124,40.80960862]]]}},{"type":"Feature","properties":{"cat":"yol","region":"KD","name":"fizik bölümü kestirme (ön taraf)"},"geometry":{"type":"Polygon","coordinates":[[[29.36520287,40.81123981],[29.36476647,40.81127856],[29.36475916,40.81124442],[29.36464457,40.8112518],[29.36465311,40.81129424],[29.36434105,40.81131638],[29.36373643,40.81141787],[29.36330979,40.81154334],[29.36272956,40.81175369],[29.36272163,40.811756],[29.36274479,40.8117906],[29.36294654,40.81171448],[29.3633744,40.8115724],[29.36383334,40.81144139],[29.36446843,40.81133991],[29.36472442,40.81131684],[29.36511815,40.81128132],[29.36521323,40.81126841],[29.36520287,40.81123981]]]}},{"type":"Feature","properties":{"cat":"yol","region":"KD","name":"kelebek  cafe yolları"},"geometry":{"type":"Polygon","coordinates":[[[29.36151363,40.81158486],[29.36153435,40.81163283],[29.3617562,40.81158117],[29.36183544,40.81153504],[29.36196465,40.81182658],[29.36187079,40.81197973],[29.36179521,40.81206276],[29.3618525,40.81209229],[29.36192564,40.81203785],[29.36202925,40.81183212],[29.36194027,40.81164021],[29.36185616,40.81144831],[29.36178668,40.81130623],[29.3617367,40.81131546],[29.36181349,40.81144186],[29.36172207,40.8115295],[29.36151363,40.81158486]]]}},{"type":"Feature","properties":{"cat":"yol","region":"KD","name":"yabancı diller arka yollar"},"geometry":{"type":"Polygon","coordinates":[[[29.36188785,40.81210705],[29.36189517,40.81211074],[29.36199634,40.81207753],[29.36224989,40.81198988],[29.3627131,40.81181459],[29.36269725,40.81178322],[29.36243395,40.81187825],[29.36236691,40.81173524],[29.3623084,40.81175093],[29.36236204,40.81190685],[29.36220601,40.81196589],[29.3620707,40.81166328],[29.36202682,40.81168265],[29.36216578,40.81198619],[29.36188785,40.81210705]]]}},{"type":"Feature","properties":{"cat":"yol","region":"KD","name":"yemekhane(mimarlık)yolu"},"geometry":{"type":"Polygon","coordinates":[[[29.3619549,40.81113924],[29.36202682,40.81114293],[29.36127593,40.80985127],[29.36091511,40.80923496],[29.36078833,40.80925341],[29.36165137,40.81064011],[29.3619549,40.81113924]]]}},{"type":"Feature","properties":{"cat":"yol","region":"KD","name":"mimarlık otopark ,kırtasiye giriş"},"geometry":{"type":"Polygon","coordinates":[[[29.36167331,40.81115585],[29.36163918,40.81115677],[29.36158555,40.81103591],[29.36154898,40.81104421],[29.36160627,40.81115585],[29.36158555,40.81115769],[29.36111868,40.81116231],[29.36113087,40.81118999],[29.3612357,40.81118999],[29.36141976,40.81118999],[29.36139843,40.81122781],[29.36140087,40.81129978],[29.36143866,40.81136897],[29.36142891,40.81137266],[29.36143317,40.81138558],[29.36146121,40.81138143],[29.36141733,40.81127348],[29.36142891,40.81126241],[29.36141855,40.8112315],[29.3614411,40.81119045],[29.36158311,40.81118676],[29.36160017,40.81117615],[29.36167575,40.81117615],[29.36167331,40.81115585]]]}},{"type":"Feature","properties":{"cat":"yol","region":"KD","name":"mimarlık arka taraf ana yol"},"geometry":{"type":"Polygon","coordinates":[[[29.36112332,40.8111654],[29.36117748,40.81116423],[29.36111558,40.81107288],[29.36074111,40.81030107],[29.36029856,40.80934772],[29.36023666,40.80936178],[29.36112332,40.8111654]]]}},{"type":"Feature","properties":{"cat":"yol","region":"KD","name":"ağaçlı yol ve dere yolu"},"geometry":{"type":"Polygon","coordinates":[[[29.36112486,40.81115486],[29.36079372,40.81116892],[29.35868618,40.81116892],[29.35870784,40.81120874],[29.35930823,40.81121576],[29.36040069,40.81121108],[29.36088347,40.81120874],[29.36102583,40.81121811],[29.36114034,40.81120171],[29.36112486,40.81115486]]]}},{"type":"Feature","properties":{"cat":"yol","region":"KD","name":"işletme önü"},"geometry":{"type":"Polygon","coordinates":[[[29.36032332,40.80937934],[29.36080301,40.80926222],[29.36140958,40.80910997],[29.36200069,40.80896942],[29.36273106,40.80887573],[29.36378328,40.80881014],[29.36400611,40.80885933],[29.36415466,40.8090069],[29.36422584,40.80899285],[29.36409585,40.80885699],[29.36400301,40.80881014],[29.36378638,40.80877032],[29.36285794,40.80881951],[29.36212138,40.80889446],[29.36097631,40.80917321],[29.36027999,40.80935592],[29.36032332,40.80937934]]]}},{"type":"Feature","properties":{"cat":"yol","region":"KD","name":"ana yol( işletme arkası)"},"geometry":{"type":"Polygon","coordinates":[[[29.36027535,40.80934772],[29.36018869,40.80917087],[29.36023821,40.80884059],[29.36036355,40.80873284],[29.36080455,40.80851148],[29.36128889,40.80841895],[29.36129662,40.80845409],[29.36132448,40.80844823],[29.36131829,40.80840841],[29.36197283,40.80828192],[29.36258405,40.80815308],[29.36287342,40.80809335],[29.36358522,40.808002],[29.36408657,40.80788722],[29.36407961,40.80785852],[29.36383744,40.80790361],[29.36353415,40.80796745],[29.36333531,40.80799497],[29.36287651,40.80806056],[29.36227612,40.808173],[29.36084943,40.808474],[29.36076123,40.80848571],[29.36033569,40.80870121],[29.3601856,40.80883356],[29.36014382,40.80918024],[29.36023976,40.80936529],[29.36027844,40.80935358],[29.36027535,40.80934772]]]}},{"type":"Feature","properties":{"cat":"yol","region":"KD","name":"malzeme binasına giden kestirmeler"},"geometry":{"type":"Polygon","coordinates":[[[29.36190011,40.81213395],[29.36181345,40.81211521],[29.3611945,40.81233305],[29.36079836,40.81120405],[29.36073956,40.81120874],[29.36115426,40.81235881],[29.36103357,40.81240566],[29.36104595,40.8124689],[29.36121616,40.81240566],[29.36190011,40.81213395]]]}},{"type":"Feature","properties":{"cat":"yol","region":"KD","name":"malzeme otopark ve yol"},"geometry":{"type":"Polygon","coordinates":[[[29.36118831,40.81242674],[29.36134614,40.81289754],[29.361309,40.81299592],[29.36037747,40.81319969],[29.36045175,40.81323483],[29.36131829,40.81303574],[29.36135852,40.81303574],[29.36141113,40.8128952],[29.36122544,40.81239863],[29.36118831,40.81242674]]]}},{"type":"Feature","properties":{"cat":"yol","region":"KD","name":"kongre araba yolu"},"geometry":{"type":"Polygon","coordinates":[[[29.36156897,40.81372436],[29.36181036,40.81377355],[29.36280069,40.81371031],[29.36371055,40.81291394],[29.36400765,40.81264457],[29.36451829,40.81221593],[29.36454615,40.81176387],[29.36516201,40.81133288],[29.36505369,40.81134225],[29.36453996,40.81167018],[29.36446259,40.81174044],[29.36445949,40.81214801],[29.36397361,40.81259773],[29.36270475,40.81366815],[29.36179488,40.8136986],[29.36152564,40.81366112],[29.36154111,40.81372202],[29.36156897,40.81372436]]]}},{"type":"Feature","properties":{"cat":"yol","region":"KD","name":"kongre arka taraf araba yoluyolu"},"geometry":{"type":"Polygon","coordinates":[[[29.35939024,40.81280853],[29.36147612,40.81371499],[29.36155659,40.81371968],[29.36152564,40.81366346],[29.36125639,40.81355806],[29.36038057,40.81319735],[29.35936239,40.812757],[29.35939024,40.81280853]]]}},{"type":"Feature","properties":{"cat":"yol","region":"KD","name":"kongre yaya yolu"},"geometry":{"type":"Polygon","coordinates":[[[29.361309,40.81303574],[29.36127187,40.8131224],[29.36146684,40.81363535],[29.36146993,40.8136418],[29.36152719,40.81366346],[29.36133686,40.81311713],[29.36135852,40.81304452],[29.361309,40.81303574]]]}},{"type":"Feature","properties":{"cat":"yol","region":"KD","name":"kongre öne çıkan yollar"},"geometry":{"type":"Polygon","coordinates":[[[29.3600092,40.81488318],[29.36137709,40.81461148],[29.36143589,40.81456229],[29.36150398,40.81439131],[29.3615504,40.81371441],[29.36150088,40.81371206],[29.36149469,40.8138081],[29.36115736,40.81379638],[29.36109856,40.81364414],[29.36092216,40.81357855],[29.36090668,40.81361135],[29.36106142,40.8136863],[29.36111403,40.81382449],[29.36115813,40.81382039],[29.36150088,40.81383386],[29.36145214,40.81439073],[29.3613856,40.81454824],[29.36136394,40.81456639],[29.36133608,40.81446275],[29.36115426,40.81381981],[29.36110939,40.81382391],[29.36117515,40.81405345],[29.36132216,40.8145863],[29.36129585,40.8145781],[29.36071558,40.81469522],[29.35998831,40.81483341],[29.3600092,40.81488318]]]}},{"type":"Feature","properties":{"cat":"yol","region":"KD","name":"kongre otopark çevresi"},"geometry":{"type":"Polygon","coordinates":[[[29.35985097,40.81380956],[29.36090939,40.81361164],[29.36087535,40.81358822],[29.35988038,40.81378145],[29.35963898,40.81309751],[29.35969005,40.81306472],[29.36014653,40.81326498],[29.3608738,40.81358822],[29.36090939,40.81361632],[29.36092796,40.81358353],[29.36017593,40.81324156],[29.35968695,40.81303076],[29.35960339,40.81308697],[29.35985097,40.81380956]]]}},{"type":"Feature","properties":{"cat":"yol","region":"KD","name":"arka kapı çıkış ve kongre yaya bağlantısı"},"geometry":{"type":"Polygon","coordinates":[[[29.35998715,40.81483428],[29.36004285,40.81482023],[29.35992834,40.81452277],[29.3600738,40.81450169],[29.36009546,40.81446656],[29.35986335,40.81381073],[29.35981074,40.81381307],[29.36004904,40.81445719],[29.35992215,40.81448529],[29.35972409,40.81384352],[29.35986335,40.81381542],[29.35984788,40.81377325],[29.35966838,40.81381307],[29.35998715,40.81483428]]]}},{"type":"Feature","properties":{"cat":"yol","region":"KD","name":"arka kapı giriş yolu"},"geometry":{"type":"Polygon","coordinates":[[[29.35929237,40.81272977],[29.35925329,40.81270752],[29.35953492,40.81360344],[29.35964556,40.8139905],[29.35979256,40.81446421],[29.35992099,40.81486708],[29.36001964,40.8151578],[29.36018212,40.81565991],[29.36037864,40.81625599],[29.36044053,40.816434],[29.36046684,40.81643868],[29.36067728,40.81659092],[29.36092486,40.81677126],[29.36094498,40.81676073],[29.36089856,40.8167174],[29.36084904,40.81668812],[29.36068811,40.81656398],[29.36046838,40.81641877],[29.36042815,40.81629464],[29.36012796,40.81537885],[29.35998869,40.81495959],[29.35992989,40.81477222],[29.35982467,40.81443728],[29.35967921,40.81396298],[29.35963434,40.81380722],[29.35951055,40.81340552],[29.35946103,40.81323454],[29.35940533,40.81307409],[29.3593032,40.81276608],[29.35929237,40.81272977]]]}},{"type":"Feature","properties":{"cat":"yol","region":"KD","name":"arka kapıya çıkış yolu"},"geometry":{"type":"Polygon","coordinates":[[[29.35929275,40.81272977],[29.35930204,40.81276052],[29.35935155,40.81278453],[29.3593589,40.81282054],[29.35941693,40.8129965],[29.35952061,40.81333028],[29.35960881,40.8136172],[29.3596738,40.81381454],[29.35970165,40.81380517],[29.35966065,40.813674],[29.35952061,40.81323893],[29.35943241,40.81292155],[29.35941538,40.8128829],[29.35939063,40.81281263],[29.359362,40.81275525],[29.35929275,40.81272977]]]}},{"type":"Feature","properties":{"cat":"yol","region":"KD","name":"arka kapıya çıkış yolu"},"geometry":{"type":"Polygon","coordinates":[[[29.36001229,40.81488259],[29.36003705,40.81495725],[29.36038482,40.81606774],[29.36048076,40.81639681],[29.36070668,40.8165514],[29.36097593,40.81674111],[29.36101616,40.81670832],[29.36076239,40.81653969],[29.36062003,40.81643663],[29.36052409,40.81636402],[29.3603972,40.8159518],[29.36024556,40.81545292],[29.36005987,40.81486971],[29.36001229,40.81488259]]]}},{"type":"Feature","properties":{"cat":"yol","region":"KD","name":"alt geçite giden yol"},"geometry":{"type":"Polygon","coordinates":[[[29.35921809,40.8127125],[29.35932331,40.81274061],[29.35869817,40.81116657],[29.35830823,40.80994386],[29.35811635,40.80937232],[29.3579059,40.8087914],[29.35781306,40.80879608],[29.35793685,40.80919898],[29.35819062,40.81003756],[29.35858676,40.81112441],[29.35921809,40.8127125]]]}},{"type":"Feature","properties":{"cat":"yol","region":"KD","name":"orman içi kestirme"},"geometry":{"type":"Polygon","coordinates":[[[29.35815968,40.80948944],[29.3587415,40.80989233],[29.35830823,40.80992512],[29.35833298,40.80999071],[29.35880339,40.80992981],[29.3605798,40.81118063],[29.36073453,40.8111572],[29.35892718,40.80992044],[29.35810397,40.80934421],[29.35815968,40.80948944]]]}},{"type":"Feature","properties":{"cat":"yol","region":"KD","name":"dereye kestirme (yaya)"},"geometry":{"type":"Polygon","coordinates":[[[29.35876006,40.81127901],[29.36077167,40.8112509],[29.36075929,40.81121342],[29.35872293,40.81122279],[29.35876006,40.81127901]]]}},{"type":"Feature","properties":{"cat":"yol","region":"KD","name":"yemekhane kestirme sokaklar"},"geometry":{"type":"Polygon","coordinates":[[[29.36141848,40.81009612],[29.3617032,40.80999774],[29.36188889,40.81005395],[29.36174343,40.8102999],[29.3615856,40.81039125],[29.36162274,40.81045918],[29.36178986,40.8103772],[29.36196626,40.8101008],[29.36215504,40.81002819],[29.36275852,40.80984782],[29.36309276,40.80970259],[29.36347961,40.80966277],[29.36357245,40.80961124],[29.36362816,40.80960421],[29.36342081,40.80956205],[29.36303086,40.80962764],[29.36256046,40.80982674],[29.36194769,40.80999539],[29.36172487,40.80994855],[29.36137515,40.8100235],[29.36141848,40.81009612]]]}},{"type":"Feature","properties":{"cat":"yol","region":"KD","name":"mimarlık arka giriş yol"},"geometry":{"type":"Polygon","coordinates":[[[29.36110436,40.81105063],[29.36112448,40.81108693],[29.36145871,40.81076018],[29.36149895,40.81083162],[29.36153918,40.81081991],[29.36153299,40.81081639],[29.36148347,40.81074846],[29.36167071,40.81067234],[29.3616475,40.81063135],[29.36144015,40.81072504],[29.36110436,40.81105063]]]}},{"type":"Feature","properties":{"cat":"yol","region":"KD","name":"mimarlık ön giriş yol"},"geometry":{"type":"Polygon","coordinates":[[[29.36165833,40.81115603],[29.36168463,40.81115135],[29.36162274,40.81103306],[29.36184401,40.81095693],[29.36183318,40.81094288],[29.3616181,40.81102018],[29.36161345,40.81100847],[29.36158869,40.81101432],[29.36165833,40.81115603]]]}},{"type":"Feature","properties":{"cat":"yol","region":"KD","name":"halı saha otoparkı yolu"},"geometry":{"type":"Polygon","coordinates":[[[29.36525601,40.81133405],[29.36554692,40.81130126],[29.36555621,40.81114666],[29.36580688,40.81110919],[29.36594305,40.81100144],[29.36585021,40.81033855],[29.36578212,40.81037369],[29.36587497,40.81099675],[29.36577593,40.81107171],[29.36551288,40.81110919],[29.36549121,40.81126378],[29.36526839,40.81128955],[29.36525601,40.81133405]]]}},{"type":"Feature","properties":{"cat":"yesil","region":"KD","name":""},"geometry":{"type":"Polygon","coordinates":[[[29.36300835,40.80879816],[29.36376652,40.80874497],[29.36398544,40.80877462],[29.36411104,40.80882258],[29.36421243,40.80891764],[29.36428272,40.80897957],[29.36438872,40.80898305],[29.36439333,40.80895166],[29.36428733,40.80896823],[29.36427811,40.80895689],[29.36419054,40.80864816],[29.36450164,40.80860107],[29.36458921,40.80892201],[29.36447399,40.80893596],[29.3644786,40.80896561],[29.364686,40.80895863],[29.36438642,40.8079086],[29.36369969,40.80805163],[29.36282399,40.80819814],[29.36300835,40.80879816]]]}},{"type":"Feature","properties":{"cat":"yesil","region":"KD","name":""},"geometry":{"type":"Polygon","coordinates":[[[29.36034438,40.8091819],[29.36130535,40.80892201],[29.36137448,40.80904061],[29.36164641,40.80897957],[29.36150814,40.80855746],[29.36130074,40.80860455],[29.36125004,40.80844583],[29.36082141,40.80852432],[29.36031443,40.80877723],[29.36026373,40.80886968],[29.36034438,40.8091819]]]}},{"type":"Feature","properties":{"cat":"yesil","region":"KD","name":""},"geometry":{"type":"Polygon","coordinates":[[[29.36206121,40.80984121],[29.3631881,40.80956388],[29.3630844,40.80889759],[29.36160032,40.80906154],[29.36165793,40.80925515],[29.36185381,40.80940341],[29.36206121,40.80984121]]]}},{"type":"Feature","properties":{"cat":"yesil","region":"KD","name":""},"geometry":{"type":"Polygon","coordinates":[[[29.36431959,40.8110325],[29.36516302,40.81097668],[29.36508467,40.81052668],[29.36491875,40.80990051],[29.36415136,40.80996156],[29.36431959,40.8110325]]]}},{"type":"Feature","properties":{"cat":"yesil","region":"KD","name":""},"geometry":{"type":"Polygon","coordinates":[[[29.3643265,40.80993365],[29.36431728,40.80982726],[29.36415021,40.80984383],[29.36413754,40.80964237],[29.36425737,40.80963888],[29.36421819,40.80939469],[29.36472633,40.80936766],[29.36479028,40.80990706],[29.36491529,40.80989659],[29.36474592,40.80926475],[29.36415252,40.80929614],[29.36417556,40.80945051],[29.3641191,40.80946359],[29.36412601,40.80953772],[29.36411219,40.8095569],[29.36415136,40.80994586],[29.3643265,40.80993365]]]}},{"type":"Feature","properties":{"cat":"yesil","region":"KD","name":""},"geometry":{"type":"Polygon","coordinates":[[[29.36425103,40.80921634],[29.36474304,40.80919977],[29.36470847,40.80901053],[29.36422914,40.80902884],[29.36425103,40.80921634]]]}},{"type":"Feature","properties":{"cat":"yesil","region":"KD","name":""},"geometry":{"type":"Polygon","coordinates":[[[29.36408626,40.8092085],[29.36420264,40.80922507],[29.36417729,40.80902797],[29.36406783,40.80903494],[29.36408626,40.8092085]]]}},{"type":"Feature","properties":{"cat":"yesil","region":"KD","name":""},"geometry":{"type":"Polygon","coordinates":[[[29.36348249,40.80923902],[29.36404248,40.8092146],[29.36402174,40.80903843],[29.3634629,40.80908204],[29.36348249,40.80923902]]]}},{"type":"Feature","properties":{"cat":"yesil","region":"KD","name":""},"geometry":{"type":"Polygon","coordinates":[[[29.35932639,40.81263145],[29.36171612,40.81370322],[29.36183595,40.8137102],[29.36172994,40.8136509],[29.36162394,40.81314859],[29.36164238,40.81233757],[29.36101786,40.8115431],[29.36094182,40.81125008],[29.35891619,40.81129892],[29.35932639,40.81263145]]]}},{"type":"Feature","properties":{"cat":"yesil","region":"KD","name":""},"geometry":{"type":"Polygon","coordinates":[[[29.36150641,40.81372415],[29.35949692,40.81284686],[29.35944161,40.81290092],[29.3597458,40.81379391],[29.35980802,40.81377473],[29.35957296,40.81309452],[29.35967206,40.81299511],[29.36112387,40.81362299],[29.36118379,40.81379391],[29.36150065,40.81380525],[29.36150641,40.81372415]]]}},{"type":"Feature","properties":{"cat":"yesil","region":"KD","name":""},"geometry":{"type":"Polygon","coordinates":[[[29.36120107,40.81382443],[29.36141769,40.81445231],[29.36144534,40.81439475],[29.36149143,40.81385583],[29.36120107,40.81382443]]]}},{"type":"Feature","properties":{"cat":"yesil","region":"KD","name":""},"geometry":{"type":"Polygon","coordinates":[[[29.36157209,40.81376165],[29.36150987,40.8143965],[29.36144073,40.81451335],[29.36146839,40.81460928],[29.36011797,40.81487089],[29.36064339,40.81638125],[29.36076553,40.8164667],[29.36088075,40.81645275],[29.36084849,40.8163795],[29.36138312,40.81631148],[29.36139695,40.81637078],[29.36147991,40.81643705],[29.3614246,40.81649635],[29.36094067,40.81654518],[29.36108585,40.81662018],[29.3611135,40.81659227],[29.3613716,40.81655042],[29.36180023,40.81648066],[29.36207677,40.81628009],[29.3619915,40.81620859],[29.36180254,40.81597314],[29.36184171,40.81575513],[29.36239709,40.81532435],[29.36239248,40.81515343],[29.36205833,40.81459358],[29.36207907,40.81384362],[29.36200994,40.81378781],[29.36165966,40.81379827],[29.36157209,40.81376165]]]}},{"type":"Feature","properties":{"cat":"yesil","region":"KD","name":""},"geometry":{"type":"Polygon","coordinates":[[[29.364879,40.80924948],[29.36516706,40.81047218],[29.36521315,40.81045997],[29.36504262,40.80972915],[29.36539289,40.8096838],[29.36554269,40.81042857],[29.36528689,40.81045997],[29.36527537,40.81051055],[29.36581922,40.81045997],[29.36579848,40.81035357],[29.36587222,40.81036055],[29.36568211,40.80961054],[29.36554845,40.80962013],[29.36505529,40.8096524],[29.36498155,40.80922681],[29.364879,40.80924948]]]}},{"type":"Feature","properties":{"cat":"yesil","region":"KD","name":""},"geometry":{"type":"Polygon","coordinates":[[[29.3600834,40.81482206],[29.36133012,40.81457614],[29.36106741,40.81370932],[29.3609084,40.81362037],[29.35986909,40.81381571],[29.36011567,40.81446277],[29.35996127,40.81450986],[29.3600834,40.81482206]]]}},{"type":"Feature","properties":{"cat":"yesil","region":"KD","name":""},"geometry":{"type":"Polygon","coordinates":[[[29.36167809,40.81119427],[29.36138773,40.81119427],[29.36139925,40.81125008],[29.36155596,40.81121694],[29.36162509,40.81144543],[29.36147069,40.81147159],[29.36155826,40.81169485],[29.36165735,40.81188322],[29.36176106,40.81199135],[29.36182558,40.81198438],[29.36189011,40.8120524],[29.36211825,40.8119774],[29.36193389,40.81165822],[29.36190624,40.81152741],[29.36187628,40.81150822],[29.36169192,40.81148903],[29.36164814,40.81140183],[29.36171727,40.81131113],[29.36167809,40.81119427]]]}},{"type":"Feature","properties":{"cat":"yesil","region":"KD","name":""},"geometry":{"type":"Polygon","coordinates":[[[29.3619915,40.81143148],[29.36210212,40.81140531],[29.36201455,40.81120299],[29.36174953,40.81119601],[29.36177488,40.81128148],[29.36190163,40.81126752],[29.3619915,40.81143148]]]}},{"type":"Feature","properties":{"cat":"yesil","region":"KD","name":""},"geometry":{"type":"Polygon","coordinates":[[[29.36228532,40.81157406],[29.36231009,40.81156316],[29.36225421,40.8114463],[29.36239421,40.81142058],[29.36226804,40.81120473],[29.36212977,40.81122043],[29.36228532,40.81157406]]]}},{"type":"Feature","properties":{"cat":"yesil","region":"KD","name":""},"geometry":{"type":"Polygon","coordinates":[[[29.36169077,40.80898262],[29.36221619,40.80886575],[29.36279691,40.80881517],[29.36275082,40.80871924],[29.36166772,40.80891808],[29.36169077,40.80898262]]]}},{"type":"Feature","properties":{"cat":"yesil","region":"KD","name":""},"geometry":{"type":"Polygon","coordinates":[[[29.36396528,40.80775467],[29.36074824,40.80843144],[29.36043714,40.8085047],[29.35976884,40.80856923],[29.35963979,40.80855179],[29.3596928,40.80876808],[29.35993707,40.80925646],[29.36035879,40.81006229],[29.36095334,40.81116636],[29.36102247,40.8111716],[29.36109622,40.81115939],[29.36101095,40.81097101],[29.36093029,40.81098846],[29.3606238,40.81047741],[29.36076437,40.81045473],[29.36035879,40.80967159],[29.36034957,40.80960356],[29.36014447,40.80920588],[29.36015139,40.80886052],[29.360315,40.80869307],[29.36058923,40.80855877],[29.36080585,40.80844888],[29.36155481,40.80830934],[29.36297436,40.80802328],[29.36332233,40.8079884],[29.36356891,40.80795526],[29.36400445,40.80786455],[29.36396528,40.80775467]]]}},{"type":"Feature","properties":{"cat":"yesil","region":"KD","name":""},"geometry":{"type":"Polygon","coordinates":[[[29.36312991,40.80987304],[29.36331772,40.80986868],[29.36351015,40.80964455],[29.36348249,40.80947623],[29.36337994,40.80948496],[29.36338801,40.8095181],[29.36321056,40.80952682],[29.363229,40.80957391],[29.36306077,40.80960618],[29.36312991,40.80987304]]]}},{"type":"Feature","properties":{"cat":"bina","region":"KB","name":"Teknoloji Transfer Ofisi"},"geometry":{"type":"MultiPolygon","coordinates":[[[[29.35666142,40.80982224],[29.35712283,40.80984179],[29.35714466,40.80961368],[29.3569679,40.80961241],[29.35696006,40.80964764],[29.35668177,40.80964038],[29.35666142,40.80982224]]]]}},{"type":"Feature","properties":{"cat":"bina","region":"KB","name":"Fizik Ek Laboratuvarı 1"},"geometry":{"type":"MultiPolygon","coordinates":[[[[29.35667372,40.81015134],[29.357014,40.81016575],[29.35701845,40.8100939],[29.35667764,40.81008055],[29.35667372,40.81015134]]]]}},{"type":"Feature","properties":{"cat":"bina","region":"KB","name":"Fizik Ek Laboratuvarı 2"},"geometry":{"type":"MultiPolygon","coordinates":[[[[29.35632332,40.81013332],[29.35658608,40.81013904],[29.35658608,40.81008595],[29.35632167,40.81007959],[29.35632332,40.81013332]]]]}},{"type":"Feature","properties":{"cat":"bina","region":"KB","name":"GTÜ Cami"},"geometry":{"type":"MultiPolygon","coordinates":[[[[29.35468226,40.80974948],[29.35509598,40.80989191],[29.35518415,40.80976305],[29.35473652,40.80962062],[29.35468226,40.80974948]]]]}},{"type":"Feature","properties":{"cat":"bina","region":"KB","name":"Tohum Sertifikasyon Test Laboratuvarı"},"geometry":{"type":"MultiPolygon","coordinates":[[[[29.35471618,40.81042771],[29.3548993,40.8104345],[29.35488573,40.81010216],[29.35470261,40.81010216],[29.35471618,40.81042771]]]]}},{"type":"Feature","properties":{"cat":"bina","region":"KB","name":"Enerji Teknolojileri Laboratuvarı"},"geometry":{"type":"MultiPolygon","coordinates":[[[[29.35548226,40.81059939],[29.35565775,40.81060702],[29.35566029,40.81025858],[29.35549243,40.8102624],[29.35550388,40.81049893],[29.35547579,40.81049893],[29.35548226,40.81059939]]]]}},{"type":"Feature","properties":{"cat":"bina","region":"KB","name":"Savunma Teknolojileri Enstitüsü"},"geometry":{"type":"MultiPolygon","coordinates":[[[[29.35600524,40.81060066],[29.35618582,40.81061338],[29.35620871,40.81043534],[29.35622778,40.81027003],[29.35607264,40.81026494],[29.35604847,40.81048876],[29.35601541,40.81048494],[29.35600524,40.81060066]]]]}},{"type":"Feature","properties":{"cat":"bina","region":"KB","name":"Ulaşım Teknolojileri Enstitüsü"},"geometry":{"type":"MultiPolygon","coordinates":[[[[29.35659212,40.81067188],[29.35678287,40.81068142],[29.35680258,40.81046332],[29.35681784,40.81025477],[29.35664744,40.81024841],[29.35662963,40.81055107],[29.3566042,40.81055615],[29.35659212,40.81067188]]]]}},{"type":"Feature","properties":{"cat":"bina","region":"KB","name":"Öğrenci İşleri Daire Başkanlığı"},"geometry":{"type":"MultiPolygon","coordinates":[[[[29.3569927,40.81111506],[29.3571949,40.81112396],[29.35722097,40.81080159],[29.35730553,40.81079459],[29.35731825,40.81061402],[29.35723432,40.8106102],[29.35723432,40.81050719],[29.35707027,40.81050719],[29.357069,40.81059621],[29.3570016,40.81059748],[29.3569927,40.81111506]]]]}},{"type":"Feature","properties":{"cat":"bina","region":"KB","name":"Anaokulu"},"geometry":{"type":"MultiPolygon","coordinates":[[[[29.35578439,40.81116359],[29.35620616,40.81116529],[29.35621506,40.81105465],[29.35578396,40.81104575],[29.35578439,40.81116359]]]]}},{"type":"Feature","properties":{"cat":"bina","region":"KB","name":"Personel Yemekhanesi"},"geometry":{"type":"MultiPolygon","coordinates":[[[[29.35479417,40.81138063],[29.35498408,40.81138063],[29.35496373,40.81118394],[29.35543171,40.81116359],[29.35542493,40.81101438],[29.35475348,40.81108221],[29.35479417,40.81138063]]]]}},{"type":"Feature","properties":{"cat":"bina","region":"KB","name":"Yapı İşleri ve Teknik Daire Başkanlığı"},"geometry":{"type":"MultiPolygon","coordinates":[[[[29.35645796,40.81154934],[29.35657877,40.81159003],[29.35660929,40.81153153],[29.35681191,40.81157392],[29.35687761,40.81147177],[29.35643549,40.81136367],[29.35637657,40.81146795],[29.35648975,40.81149932],[29.35645796,40.81154934]]]]}},{"type":"Feature","properties":{"cat":"bina","region":"KB","name":"Rektörlük"},"geometry":{"type":"MultiPolygon","coordinates":[[[[29.3572765,40.81192321],[29.35749014,40.81198764],[29.35752066,40.81196052],[29.35780212,40.81205547],[29.35788012,40.81193],[29.35708659,40.81162479],[29.35699164,40.81175026],[29.35729854,40.81186217],[29.3572765,40.81192321]]]]}},{"type":"Feature","properties":{"cat":"bina","region":"KB","name":"Enstitü Binası"},"geometry":{"type":"MultiPolygon","coordinates":[[[[29.35850155,40.81284179],[29.35867789,40.81273327],[29.35838286,40.81243485],[29.35817261,40.81253659],[29.35850155,40.81284179]]]]}},{"type":"Feature","properties":{"cat":"bina","region":"KB","name":"Misafirhane"},"geometry":{"type":"MultiPolygon","coordinates":[[[[29.35377767,40.81152602],[29.35404897,40.81143107],[29.35381922,40.81105958],[29.35365898,40.81112317],[29.3538243,40.81139022],[29.35371494,40.811436],[29.35377767,40.81152602]]]]}},{"type":"Feature","properties":{"cat":"bina","region":"KB","name":"GTÜ Martest Laboratuvarı (İnşaat)"},"geometry":{"type":"MultiPolygon","coordinates":[[[[29.34899106,40.81900691],[29.35005588,40.81879665],[29.35015084,40.81871527],[29.35014405,40.81825407],[29.3499745,40.81792852],[29.34987276,40.8177454],[29.34895037,40.8179353],[29.34900463,40.8180506],[29.34880794,40.81807773],[29.34876046,40.81822694],[29.34899106,40.81900691]]]]}},{"type":"Feature","properties":{"cat":"bina","region":"KB","name":"Bina 1"},"geometry":{"type":"MultiPolygon","coordinates":[[[[29.35773918,40.81129882],[29.35782851,40.81135954],[29.35789655,40.81125749],[29.35776556,40.81125717],[29.35773918,40.81129882]]]]}},{"type":"Feature","properties":{"cat":"bina","region":"KB","name":"Bina 2"},"geometry":{"type":"MultiPolygon","coordinates":[[[[29.34984012,40.81172213],[29.35021145,40.81163057],[29.34987827,40.81062848],[29.34944844,40.81069715],[29.34984012,40.81172213]]]]}},{"type":"Feature","properties":{"cat":"bina","region":"KB","name":"Bina 3"},"geometry":{"type":"MultiPolygon","coordinates":[[[[29.35025723,40.81161276],[29.35035388,40.8115975],[29.35030333,40.81143981],[29.3508066,40.81132791],[29.35049122,40.81054964],[29.34994186,40.81063102],[29.35025723,40.81161276]]]]}},{"type":"Feature","properties":{"cat":"bina","region":"KB","name":"Bina 4"},"geometry":{"type":"MultiPolygon","coordinates":[[[[29.35015804,40.81228421],[29.3506133,40.81219011],[29.35041492,40.81164583],[29.34996475,40.81172976],[29.35015804,40.81228421]]]]}},{"type":"Feature","properties":{"cat":"bina","region":"KB","name":"Bina 5"},"geometry":{"type":"MultiPolygon","coordinates":[[[[29.35064128,40.81219774],[29.35111689,40.812096],[29.35082186,40.81136097],[29.35035897,40.81146525],[29.35064128,40.81219774]]]]}},{"type":"Feature","properties":{"cat":"bina","region":"KB","name":"Bina 6"},"geometry":{"type":"MultiPolygon","coordinates":[[[[29.35117793,40.8120604],[29.351651,40.81198155],[29.35131273,40.81101507],[29.35088799,40.81112189],[29.35117793,40.8120604]]]]}},{"type":"Feature","properties":{"cat":"bina","region":"KB","name":"Bina 7"},"geometry":{"type":"MultiPolygon","coordinates":[[[[29.35084475,40.81107866],[29.35127712,40.8109871],[29.3510355,40.81037923],[29.35075319,40.81043964],[29.35069533,40.81046793],[29.35084475,40.81107866]]]]}},{"type":"Feature","properties":{"cat":"otopark","region":"KB","name":"otopark 1"},"geometry":{"type":"MultiPolygon","coordinates":[[[[29.35392667,40.81112142],[29.35460066,40.81091795],[29.35456251,40.8108213],[29.353858,40.81100442],[29.35392667,40.81112142]]]]}},{"type":"Feature","properties":{"cat":"otopark","region":"KB","name":"otopark 2"},"geometry":{"type":"MultiPolygon","coordinates":[[[[29.35525558,40.81146859],[29.35606437,40.8113783],[29.35606056,40.81132997],[29.35525049,40.81142281],[29.35525558,40.81146859]]]]}},{"type":"Feature","properties":{"cat":"otopark","region":"KB","name":"otopark 3"},"geometry":{"type":"MultiPolygon","coordinates":[[[[29.35621061,40.81125494],[29.35661755,40.81121298],[29.35660611,40.81116593],[29.35620934,40.81121298],[29.35621061,40.81125494]]]]}},{"type":"Feature","properties":{"cat":"otopark","region":"KB","name":"otopark 4"},"geometry":{"type":"MultiPolygon","coordinates":[[[[29.35700287,40.81125622],[29.35677906,40.81164662],[29.3569342,40.81169495],[29.35721397,40.81123841],[29.35700287,40.81125622]]]]}},{"type":"Feature","properties":{"cat":"otopark","region":"KB","name":"otopark 5"},"geometry":{"type":"MultiPolygon","coordinates":[[[[29.35725721,40.81115067],[29.35757386,40.81112523],[29.35756241,40.81106419],[29.35724958,40.81110234],[29.35725721,40.81115067]]]]}},{"type":"Feature","properties":{"cat":"orman","region":"KB","name":""},"geometry":{"type":"MultiPolygon","coordinates":[[[[29.35606404,40.81137411],[29.35606437,40.8113783],[29.35525558,40.81146859],[29.35525312,40.81144647],[29.35484133,40.81148321],[29.35501682,40.8118609],[29.35424618,40.81204021],[29.35433774,40.81283755],[29.35341832,40.81352808],[29.35524572,40.81915527],[29.35605451,40.81958255],[29.35594769,40.81997932],[29.35608504,40.8200251],[29.35762631,40.81975805],[29.36058679,40.81738509],[29.35855337,40.81118945],[29.35758053,40.81117419],[29.35755764,40.8112276],[29.35768402,40.81129723],[29.35763347,40.81130486],[29.35745893,40.81123809],[29.35722907,40.81126098],[29.35710699,40.8115185],[29.35793581,40.81183992],[29.35806028,40.81188904],[29.35807315,40.81190191],[29.35804835,40.81190954],[29.35710413,40.8115433],[29.35707361,40.81160052],[29.35788012,40.81193],[29.35780212,40.81205547],[29.35752066,40.81196052],[29.35749014,40.81198764],[29.3572765,40.81192321],[29.35729734,40.8118655],[29.35698157,40.81175026],[29.35693897,40.81168716],[29.3569342,40.81169495],[29.35677906,40.81164662],[29.35681708,40.8115803],[29.35674458,40.81155984],[29.35660929,40.81153153],[29.35657877,40.81159003],[29.35645796,40.81154934],[29.35648975,40.81149932],[29.35637657,40.81146795],[29.35638242,40.8114576],[29.35608122,40.81137257],[29.35606404,40.81137411]],[[29.35773918,40.81129882],[29.35776556,40.81125717],[29.35789655,40.81125749],[29.35782851,40.81135954],[29.35773918,40.81129882]],[[29.35850155,40.81284179],[29.35817261,40.81253659],[29.35838286,40.81243485],[29.35867789,40.81273327],[29.35850155,40.81284179]]]]}},{"type":"Feature","properties":{"cat":"orman","region":"KB","name":""},"geometry":{"type":"MultiPolygon","coordinates":[[[[29.35708029,40.81113413],[29.35697346,40.81113032],[29.35698491,40.81058095],[29.35705167,40.81057809],[29.35705644,40.81049225],[29.35725673,40.81049511],[29.35725673,40.81059621],[29.35733208,40.81060384],[29.35733685,40.81075835],[29.35748945,40.81076121],[29.35734257,40.81036159],[29.35722049,40.81036159],[29.35721429,40.81017417],[29.35727581,40.81017036],[29.35726198,40.81012792],[29.35708315,40.81012076],[29.35707933,40.81013936],[29.35704929,40.81013888],[29.35703832,40.81017846],[29.3563435,40.81015033],[29.35631251,40.8101427],[29.35631108,40.81006163],[29.3564694,40.81006401],[29.35647417,40.81002205],[29.35538307,40.81002205],[29.35545174,40.81014413],[29.35547081,40.8106172],[29.35552422,40.81082702],[29.35555093,40.81131916],[29.35707742,40.81117419],[29.35708029,40.81113413]],[[29.35548226,40.81059939],[29.35547579,40.81049893],[29.35550388,40.81049893],[29.35549243,40.8102624],[29.35566029,40.81025858],[29.35565775,40.81060702],[29.35548226,40.81059939]],[[29.35600524,40.81060066],[29.35601541,40.81048494],[29.35604847,40.81048876],[29.35607264,40.81026494],[29.35622778,40.81027003],[29.35620871,40.81043534],[29.35618582,40.81061338],[29.35600524,40.81060066]],[[29.35659212,40.81067188],[29.3566042,40.81055615],[29.35662963,40.81055107],[29.35664744,40.81024841],[29.35681784,40.81025477],[29.35680258,40.81046332],[29.35678287,40.81068142],[29.35659212,40.81067188]],[[29.35578439,40.81116359],[29.35578396,40.81104575],[29.35621506,40.81105465],[29.35620616,40.81116529],[29.35578439,40.81116359]],[[29.35620934,40.81121298],[29.35660611,40.81116593],[29.35661755,40.81121298],[29.35621061,40.81125494],[29.35620934,40.81121298]]]]}},{"type":"Feature","properties":{"cat":"orman","region":"KB","name":""},"geometry":{"type":"MultiPolygon","coordinates":[[[[29.35344534,40.81102498],[29.35451695,40.81077404],[29.35446947,40.81050953],[29.3544966,40.80965496],[29.35437452,40.80962104],[29.35271285,40.80993981],[29.35344534,40.81102498]]]]}},{"type":"Feature","properties":{"cat":"orman","region":"KB","name":""},"geometry":{"type":"MultiPolygon","coordinates":[[[[29.35468565,40.80967615],[29.35473907,40.80961002],[29.35519178,40.80975754],[29.35515024,40.80985588],[29.35533336,40.80993218],[29.35550801,40.80996101],[29.35711202,40.81001357],[29.35710863,40.80984698],[29.35664786,40.80982875],[29.35667255,40.80963079],[29.35694883,40.80964182],[29.35696578,40.8096007],[29.3570832,40.80960239],[29.35691703,40.8091573],[29.35467548,40.80957102],[29.35462461,40.80964902],[29.35468565,40.80967615]]]]}},{"type":"Feature","properties":{"cat":"orman","region":"KB","name":""},"geometry":{"type":"MultiPolygon","coordinates":[[[[29.35712559,40.80913934],[29.35775126,40.81113334],[29.35853461,40.81115877],[29.35779704,40.8089257],[29.35712559,40.80913934]]]]}},{"type":"Feature","properties":{"cat":"orman","region":"KB","name":""},"geometry":{"type":"MultiPolygon","coordinates":[[[[29.35488828,40.81009241],[29.35491541,40.81009241],[29.3549188,40.8100602],[29.35501544,40.81002968],[29.35502562,40.80996864],[29.35514939,40.80998559],[29.35511548,40.80991607],[29.35458646,40.80976178],[29.35455933,40.80981264],[29.35455086,40.81010089],[29.35488828,40.81009241]]]]}},{"type":"Feature","properties":{"cat":"orman","region":"KB","name":""},"geometry":{"type":"MultiPolygon","coordinates":[[[[29.35469668,40.81010767],[29.35455594,40.81010598],[29.35456781,40.81052648],[29.35471363,40.8105214],[29.35469668,40.81010767]]]]}},{"type":"Feature","properties":{"cat":"orman","region":"KB","name":""},"geometry":{"type":"MultiPolygon","coordinates":[[[[29.35472211,40.81052394],[29.35538338,40.81053411],[29.35534269,40.810195],[29.35530539,40.81006274],[29.35520704,40.81005935],[29.35520704,40.81011361],[29.35501036,40.81012717],[29.35500358,40.81028317],[29.35492558,40.81028317],[29.35493236,40.8104256],[29.35489167,40.81044933],[29.35471872,40.81043916],[29.35472211,40.81052394]]]]}},{"type":"Feature","properties":{"cat":"yol","region":"KB","name":"teknoloji transfer yolu"},"geometry":{"type":"Polygon","coordinates":[[[29.35711364,40.80910645],[29.35706412,40.80909708],[29.35706103,40.80912988],[29.35720029,40.80956791],[29.35755619,40.81069693],[29.35770165,40.81114432],[29.35776664,40.81114432],[29.35711364,40.80910645]]]}},{"type":"Feature","properties":{"cat":"yol","region":"KB","name":"rektörlük anayol"},"geometry":{"type":"Polygon","coordinates":[[[29.35861461,40.81120522],[29.35861461,40.81117009],[29.35771093,40.81113729],[29.35727147,40.81114666],[29.35646374,40.81123802],[29.35554149,40.81134108],[29.35486064,40.81143009],[29.35472137,40.81138792],[29.35469971,40.81142306],[29.35482969,40.81146756],[29.35500609,40.8114418],[29.35591286,40.81133639],[29.35686296,40.81122162],[29.35714459,40.8111982],[29.35733027,40.81117009],[29.35774498,40.81117243],[29.35861461,40.81120522]]]}},{"type":"Feature","properties":{"cat":"yol","region":"KB","name":"personal yemekhanesi"},"geometry":{"type":"Polygon","coordinates":[[[29.35469662,40.81143009],[29.35472834,40.81137914],[29.35465097,40.81099968],[29.35460996,40.81087378],[29.35453414,40.81055054],[29.35453259,40.81052594],[29.35453878,40.81029522],[29.35454188,40.80983494],[29.35459294,40.80956088],[29.3545589,40.80955737],[29.35449545,40.80985134],[29.35449236,40.81053765],[29.35455735,40.8108281],[29.3545852,40.81090306],[29.35469662,40.81143009]]]}},{"type":"Feature","properties":{"cat":"yol","region":"KB","name":"personal yemekhane arka sokakları"},"geometry":{"type":"Polygon","coordinates":[[[29.35465716,40.81100437],[29.35547418,40.81095986],[29.35548965,40.81134401],[29.35554226,40.81134401],[29.35551751,40.81094347],[29.35543704,40.81053121],[29.35452718,40.81052418],[29.35453646,40.81056166],[29.35540609,40.810564],[29.35546799,40.81092707],[29.35464168,40.81096455],[29.35465716,40.81100437]]]}},{"type":"Feature","properties":{"cat":"yol","region":"KB","name":"personal yemekhane otopark"},"geometry":{"type":"Polygon","coordinates":[[[29.3545442,40.81080175],[29.35382466,40.810995],[29.35382157,40.81101022],[29.35412795,40.81153256],[29.35416044,40.81152437],[29.35392369,40.8111168],[29.35386335,40.81100788],[29.35455658,40.81082869],[29.3545442,40.81080175]]]}},{"type":"Feature","properties":{"cat":"yol","region":"KB","name":"tohum sertifkasyon önü"},"geometry":{"type":"Polygon","coordinates":[[[29.35468965,40.81139437],[29.35415271,40.81152319],[29.35412176,40.81153491],[29.35377824,40.81163094],[29.35380145,40.81165319],[29.35417747,40.8115431],[29.35469739,40.81142599],[29.35468965,40.81139437]]]}},{"type":"Feature","properties":{"cat":"yol","region":"KB","name":"rektörlük yolu ve otoparkı"},"geometry":{"type":"Polygon","coordinates":[[[29.35712215,40.81119761],[29.35695349,40.81147401],[29.35695039,40.81149274],[29.35747496,40.81168716],[29.35805832,40.81191319],[29.35807844,40.81189211],[29.35773801,40.81176445],[29.35748269,40.81166725],[29.35731712,40.81160049],[29.35698753,40.81147869],[29.35715465,40.81119527],[29.35712215,40.81119761]]]}},{"type":"Feature","properties":{"cat":"yol","region":"KB","name":"rektörlüğe çıkan kestirmeler"},"geometry":{"type":"Polygon","coordinates":[[[29.35732795,40.811604],[29.35736509,40.81162157],[29.35758327,40.81127256],[29.35808772,40.81126437],[29.35772873,40.81176328],[29.3577767,40.81177734],[29.35814188,40.81126437],[29.35862003,40.8112632],[29.35862157,40.81123743],[29.35756006,40.81124563],[29.35738985,40.81116833],[29.35732176,40.81117184],[29.35754614,40.81125734],[29.35732795,40.811604]]]}},{"type":"Feature","properties":{"cat":"yol","region":"KB","name":"cami wc yolu"},"geometry":{"type":"Polygon","coordinates":[[[29.35538134,40.81052887],[29.35543704,40.81053004],[29.35533646,40.810044],[29.35530551,40.81002292],[29.35518946,40.81000066],[29.35518636,40.81003814],[29.35529159,40.81004985],[29.35538134,40.81052887]]]}},{"type":"Feature","properties":{"cat":"yol","region":"KB","name":"cami yolu"},"geometry":{"type":"Polygon","coordinates":[[[29.3551647,40.81000535],[29.35520648,40.80999832],[29.35521577,40.80988472],[29.35512756,40.80984138],[29.35509971,40.80987183],[29.35517089,40.80990697],[29.3551647,40.81000535]]]}},{"type":"Feature","properties":{"cat":"yol","region":"KB","name":"cami kestirme"},"geometry":{"type":"Polygon","coordinates":[[[29.35521267,40.80991634],[29.35533491,40.80997607],[29.35530706,40.81002057],[29.35533801,40.81004634],[29.35536741,40.80998778],[29.35538443,40.80995733],[29.35521577,40.80989291],[29.35521267,40.80991634]]]}},{"type":"Feature","properties":{"cat":"yol","region":"KB","name":"enerji teknolojileri ve savurma teknolojileri önü"},"geometry":{"type":"Polygon","coordinates":[[[29.35536277,40.81000418],[29.3558471,40.81037193],[29.35590745,40.81062725],[29.3559647,40.81063076],[29.35593221,40.81052535],[29.35601422,40.8105359],[29.35601577,40.81050193],[29.35591983,40.8104949],[29.35588888,40.81035436],[29.35537515,40.8099667],[29.35536277,40.81000418]]]}},{"type":"Feature","properties":{"cat":"yol","region":"KB","name":"ulaşım teknolojileri yolu"},"geometry":{"type":"Polygon","coordinates":[[[29.35546489,40.81067409],[29.3561442,40.81066824],[29.35642118,40.81063662],[29.35660223,40.81063193],[29.35660223,40.81060265],[29.35625871,40.81061319],[29.35615194,40.81064013],[29.35596315,40.81062842],[29.35563666,40.81061085],[29.35545252,40.81064013],[29.35546489,40.81067409]]]}},{"type":"Feature","properties":{"cat":"yol","region":"KB","name":"fizik lab yolu"},"geometry":{"type":"Polygon","coordinates":[[[29.35539372,40.80998192],[29.35563047,40.81000652],[29.35612718,40.80998895],[29.35647689,40.80999481],[29.35647534,40.8100803],[29.35653259,40.81008148],[29.35653259,40.80999832],[29.35692254,40.81002409],[29.35706026,40.81003931],[29.35705407,40.8101131],[29.35701693,40.81011076],[29.35701693,40.81013886],[29.35708347,40.81014355],[29.35710203,40.81004634],[29.35737902,40.81009319],[29.35732331,40.81002292],[29.35661151,40.80997373],[29.35608385,40.80997021],[29.35564594,40.80997373],[29.35537437,40.80996553],[29.35539372,40.80998192]]]}},{"type":"Feature","properties":{"cat":"yol","region":"KB","name":"kestirmeler"},"geometry":{"type":"Polygon","coordinates":[[[29.35611557,40.81067],[29.35626876,40.8107836],[29.3565736,40.81109279],[29.35674846,40.81120756],[29.35684904,40.81119117],[29.35664788,40.81106702],[29.35644981,40.81090072],[29.35646683,40.81063486],[29.35640803,40.81063837],[29.35641422,40.81088198],[29.3562208,40.81066063],[29.35611557,40.81067]]]}},{"type":"Feature","properties":{"cat":"yol","region":"KB","name":"ulaşım teknolojileri arka yol"},"geometry":{"type":"Polygon","coordinates":[[[29.35608463,40.80999071],[29.35635542,40.81033035],[29.35641267,40.81061261],[29.35647302,40.81060792],[29.35644362,40.81031981],[29.35619294,40.80998719],[29.35608463,40.80999071]]]}},{"type":"Feature","properties":{"cat":"yesil","region":"KB","name":"ortak alan 1"},"geometry":{"type":"MultiPolygon","coordinates":[[[[29.35470515,40.8109419],[29.35546477,40.81093512],[29.35538338,40.81055531],[29.35456951,40.81056209],[29.35470515,40.8109419]]]]}},{"type":"Feature","properties":{"cat":"yesil","region":"KB","name":"ortak alan 2"},"geometry":{"type":"MultiPolygon","coordinates":[[[[29.35708744,40.8115913],[29.35789453,40.8119372],[29.35816922,40.81211354],[29.35837269,40.81209998],[29.35849138,40.81201859],[29.35827095,40.81162861],[29.35783349,40.8113641],[29.35772498,40.81128949],[29.35763341,40.81130984],[29.35746047,40.81125219],[29.35723326,40.81125558],[29.35708744,40.8115913]]]]}},{"type":"Feature","properties":{"cat":"yesil","region":"KB","name":"ortak alan 4"},"geometry":{"type":"MultiPolygon","coordinates":[[[[29.34811445,40.81267308],[29.34912289,40.81247242],[29.34995712,40.81230456],[29.34940775,40.81061068],[29.34931619,40.81061576],[29.34933654,40.81072767],[29.34898555,40.81075819],[29.34887364,40.81050894],[29.3477393,40.81062085],[29.34780543,40.81103288],[29.34754092,40.81107357],[29.34811445,40.81267308]]]]}},{"type":"Feature","properties":{"cat":"yesil","region":"KB","name":"zeytinlik"},"geometry":{"type":"MultiPolygon","coordinates":[[[[29.34750277,40.81108883],[29.34678045,40.8111753],[29.34661259,40.81147542],[29.34868543,40.81807037],[29.34892197,40.81802967],[29.34887873,40.81788216],[29.34988845,40.81770666],[29.34905719,40.8154267],[29.35353351,40.81469421],[29.35324865,40.81386677],[29.35200071,40.81400241],[29.35177011,40.81404311],[29.35034583,40.81367686],[29.34996602,40.81287655],[29.34984394,40.81246961],[29.3480941,40.81276803],[29.34750277,40.81108883]]]]}},{"type":"Feature","properties":{"cat":"yesil","region":"KB","name":"ortak alan 12"},"geometry":{"type":"MultiPolygon","coordinates":[[[[29.35708235,40.80914952],[29.35696281,40.80918512],[29.35709761,40.80959715],[29.35715865,40.80960478],[29.35714339,40.80971923],[29.35759993,40.81103923],[29.35757449,40.81114097],[29.35771438,40.81114097],[29.35708235,40.80914952]]]]}}]}